{"stats":{"minecraft:mined":{"minecraft:tuff":2,"minecraft:white_bed":3,"minecraft:crafting_table":3,"minecraft:torch":1,"minecraft:granite":21,"minecraft:short_grass":12,"minecraft:grass_block":11,"minecraft:chest":1,"minecraft:tall_grass":2,"minecraft:cobblestone":1,"minecraft:deepslate_coal_ore":3,"minecraft:spruce_leaves":2,"minecraft:diorite":12,"minecraft:large_fern":2,"minecraft:hay_block":6,"minecraft:iron_ore":33,"minecraft:spruce_log":12,"minecraft:andesite":14,"minecraft:oak_log":10,"minecraft:pointed_dripstone":9,"minecraft:coal_ore":40,"minecraft:dirt":10,"minecraft:stone":100,"minecraft:white_wool":3,"minecraft:deepslate":25},"minecraft:picked_up":{"minecraft:wooden_axe":1,"minecraft:crafting_table":3,"minecraft:iron_chestplate":1,"minecraft:wheat":63,"minecraft:ominous_bottle":1,"minecraft:andesite":14,"minecraft:leather":1,"minecraft:tuff":2,"minecraft:oak_log":10,"minecraft:shield":1,"minecraft:gunpowder":2,"minecraft:dirt":20,"minecraft:white_banner":1,"minecraft:iron_leggings":1,"minecraft:cooked_mutton":5,"minecraft:wheat_seeds":6,"minecraft:cobbled_deepslate":24,"minecraft:iron_ingot":20,"minecraft:beef":8,"minecraft:stone_pickaxe":2,"minecraft:cooked_chicken":6,"minecraft:chest":1,"minecraft:stick":2,"minecraft:raw_iron":33,"minecraft:cooked_porkchop":8,"minecraft:torch":2,"minecraft:porkchop":9,"minecraft:spruce_sapling":2,"minecraft:pointed_dripstone":20,"minecraft:diorite":12,"minecraft:white_bed":4,"minecraft:spruce_log":12,"minecraft:goat_horn":1,"minecraft:stone_sword":1,"minecraft:rotten_flesh":2,"minecraft:diamond":2,"minecraft:spruce_boat":1,"minecraft:stone_axe":1,"minecraft:hay_block":11,"minecraft:iron_helmet":1,"minecraft:crossbow":1,"minecraft:granite":32,"minecraft:black_wool":1,"minecraft:mutton":9,"minecraft:coal":44,"minecraft:white_wool":7,"minecraft:cobblestone":106},"minecraft:custom":{"minecraft:interact_with_furnace":15,"minecraft:mob_kills":15,"minecraft:interact_with_crafting_table":23,"minecraft:leave_game":2,"minecraft:time_since_death":62312,"minecraft:sleep_in_bed":6,"minecraft:climb_one_cm":1841,"minecraft:time_since_rest":26588,"minecraft:sprint_one_cm":201746,"minecraft:damage_taken":1289,"minecraft:walk_one_cm":273066,"minecraft:damage_blocked_by_shield":225,"minecraft:drop":11,"minecraft:damage_dealt":2167,"minecraft:swim_one_cm":12218,"minecraft:fly_one_cm":140555,"minecraft:open_chest":25,"minecraft:crouch_one_cm":4428,"minecraft:play_time":93126,"minecraft:deaths":1,"minecraft:sneak_time":2114,"minecraft:walk_under_water_one_cm":12883,"minecraft:boat_one_cm":37732,"minecraft:jump":1355,"minecraft:walk_on_water_one_cm":9578,"minecraft:total_world_time":93126,"minecraft:fall_one_cm":39795},"minecraft:killed":{"minecraft:pig":1,"minecraft:salmon":1,"minecraft:creeper":1,"minecraft:sheep":5,"minecraft:pillager":2,"minecraft:zombie":1,"minecraft:drowned":1,"minecraft:cow":3},"minecraft:used":{"minecraft:cooked_mutton":5,"minecraft:diorite":1,"minecraft:stone_sword":1,"minecraft:stone_pickaxe":108,"minecraft:oak_planks":8,"minecraft:chest":2,"minecraft:shield":5,"minecraft:iron_sword":9,"minecraft:cooked_chicken":4,"minecraft:torch":28,"minecraft:dirt":9,"minecraft:mutton":2,"minecraft:crafting_table":8,"minecraft:white_bed":5,"minecraft:carrot":4,"minecraft:crossbow":1,"minecraft:tuff":2,"minecraft:spruce_boat":1,"minecraft:wooden_axe":20,"minecraft:iron_axe":59,"minecraft:bread":1,"minecraft:iron_pickaxe":164,"minecraft:stone_axe":1,"minecraft:cobblestone":62,"minecraft:porkchop":4,"minecraft:furnace":1,"minecraft:cooked_porkchop":2,"minecraft:cobbled_deepslate":24,"minecraft:pointed_dripstone":19},"minecraft:dropped":{"minecraft:wheat_seeds":5,"minecraft:cooked_beef":1,"minecraft:cooked_porkchop":6,"minecraft:wheat":63,"minecraft:pointed_dripstone":1,"minecraft:rotten_flesh":1,"minecraft:cooked_mutton":5,"minecraft:black_wool":1},"minecraft:crafted":{"minecraft:cooked_beef":1,"minecraft:oak_planks":40,"minecraft:stone_shovel":1,"minecraft:cooked_porkchop":3,"minecraft:crafting_table":5,"minecraft:spruce_planks":48,"minecraft:iron_sword":1,"minecraft:furnace":1,"minecraft:stone_axe":1,"minecraft:bread":33,"minecraft:cooked_mutton":5,"minecraft:shield":1,"minecraft:iron_axe":1,"minecraft:stick":20,"minecraft:iron_ingot":13,"minecraft:iron_pickaxe":1,"minecraft:stone_pickaxe":1,"minecraft:wooden_axe":1,"minecraft:stone_sword":1,"minecraft:chest":1,"minecraft:white_bed":2,"minecraft:torch":32,"minecraft:wheat":99}},"DataVersion":3953}