{"stats":{"minecraft:mined":{"minecraft:tuff":2,"minecraft:white_bed":3,"minecraft:crafting_table":3,"minecraft:granite":11,"minecraft:short_grass":10,"minecraft:grass_block":6,"minecraft:chest":1,"minecraft:tall_grass":2,"minecraft:cobblestone":1,"minecraft:spruce_leaves":2,"minecraft:diorite":1,"minecraft:large_fern":2,"minecraft:spruce_log":12,"minecraft:oak_log":2,"minecraft:pointed_dripstone":8,"minecraft:coal_ore":1,"minecraft:dirt":4,"minecraft:stone":61,"minecraft:white_wool":3,"minecraft:deepslate":25},"minecraft:picked_up":{"minecraft:wooden_axe":1,"minecraft:crafting_table":3,"minecraft:iron_chestplate":1,"minecraft:ominous_bottle":1,"minecraft:leather":1,"minecraft:tuff":2,"minecraft:oak_log":2,"minecraft:shield":1,"minecraft:dirt":9,"minecraft:white_banner":1,"minecraft:iron_leggings":1,"minecraft:cooked_mutton":5,"minecraft:wheat_seeds":6,"minecraft:cobbled_deepslate":24,"minecraft:beef":8,"minecraft:iron_ingot":20,"minecraft:stone_pickaxe":2,"minecraft:cooked_chicken":6,"minecraft:chest":1,"minecraft:stick":2,"minecraft:cooked_porkchop":8,"minecraft:porkchop":9,"minecraft:spruce_sapling":2,"minecraft:pointed_dripstone":19,"minecraft:diorite":1,"minecraft:white_bed":4,"minecraft:spruce_log":12,"minecraft:goat_horn":1,"minecraft:stone_sword":1,"minecraft:diamond":2,"minecraft:stone_axe":1,"minecraft:spruce_boat":1,"minecraft:iron_helmet":1,"minecraft:crossbow":1,"minecraft:granite":22,"minecraft:coal":2,"minecraft:black_wool":1,"minecraft:mutton":9,"minecraft:white_wool":7,"minecraft:cobblestone":67},"minecraft:custom":{"minecraft:interact_with_furnace":15,"minecraft:mob_kills":12,"minecraft:interact_with_crafting_table":18,"minecraft:leave_game":1,"minecraft:time_since_death":32809,"minecraft:sleep_in_bed":5,"minecraft:climb_one_cm":1841,"minecraft:time_since_rest":13151,"minecraft:sprint_one_cm":184187,"minecraft:damage_taken":1049,"minecraft:walk_one_cm":185709,"minecraft:damage_blocked_by_shield":180,"minecraft:drop":7,"minecraft:damage_dealt":1589,"minecraft:swim_one_cm":12218,"minecraft:fly_one_cm":129422,"minecraft:open_chest":16,"minecraft:crouch_one_cm":4043,"minecraft:play_time":63623,"minecraft:deaths":1,"minecraft:sneak_time":1676,"minecraft:walk_under_water_one_cm":8880,"minecraft:boat_one_cm":37732,"minecraft:jump":1022,"minecraft:walk_on_water_one_cm":3879,"minecraft:total_world_time":63623,"minecraft:fall_one_cm":31619},"minecraft:killed":{"minecraft:pig":1,"minecraft:salmon":1,"minecraft:sheep":5,"minecraft:pillager":2,"minecraft:cow":3},"minecraft:used":{"minecraft:cooked_mutton":5,"minecraft:diorite":1,"minecraft:stone_sword":1,"minecraft:stone_pickaxe":108,"minecraft:chest":1,"minecraft:shield":3,"minecraft:iron_sword":2,"minecraft:cooked_chicken":1,"minecraft:dirt":9,"minecraft:mutton":2,"minecraft:crafting_table":7,"minecraft:carrot":4,"minecraft:crossbow":1,"minecraft:white_bed":5,"minecraft:tuff":2,"minecraft:spruce_boat":1,"minecraft:wooden_axe":20,"minecraft:iron_axe":41,"minecraft:iron_pickaxe":8,"minecraft:stone_axe":1,"minecraft:cobblestone":31,"minecraft:cooked_porkchop":2,"minecraft:furnace":1,"minecraft:porkchop":4,"minecraft:cobbled_deepslate":24,"minecraft:pointed_dripstone":19},"minecraft:dropped":{"minecraft:wheat_seeds":2,"minecraft:cooked_beef":1,"minecraft:cooked_porkchop":6,"minecraft:cooked_mutton":5,"minecraft:black_wool":1},"minecraft:crafted":{"minecraft:cooked_beef":1,"minecraft:oak_planks":8,"minecraft:stone_shovel":1,"minecraft:cooked_porkchop":3,"minecraft:crafting_table":4,"minecraft:spruce_planks":48,"minecraft:iron_sword":1,"minecraft:furnace":1,"minecraft:stone_axe":1,"minecraft:cooked_mutton":5,"minecraft:shield":1,"minecraft:iron_axe":1,"minecraft:stick":12,"minecraft:iron_ingot":13,"minecraft:iron_pickaxe":1,"minecraft:stone_pickaxe":1,"minecraft:wooden_axe":1,"minecraft:stone_sword":1,"minecraft:chest":1,"minecraft:white_bed":2}},"DataVersion":3953}