{"stats":{"minecraft:mined":{"minecraft:tuff":2,"minecraft:white_bed":3,"minecraft:crafting_table":3,"minecraft:granite":11,"minecraft:short_grass":12,"minecraft:grass_block":11,"minecraft:chest":1,"minecraft:tall_grass":2,"minecraft:cobblestone":1,"minecraft:spruce_leaves":2,"minecraft:diorite":1,"minecraft:large_fern":2,"minecraft:hay_block":6,"minecraft:spruce_log":12,"minecraft:oak_log":6,"minecraft:pointed_dripstone":8,"minecraft:coal_ore":6,"minecraft:dirt":10,"minecraft:stone":63,"minecraft:white_wool":3,"minecraft:deepslate":25},"minecraft:picked_up":{"minecraft:wooden_axe":1,"minecraft:crafting_table":3,"minecraft:iron_chestplate":1,"minecraft:wheat":63,"minecraft:ominous_bottle":1,"minecraft:leather":1,"minecraft:tuff":2,"minecraft:oak_log":6,"minecraft:gunpowder":2,"minecraft:shield":1,"minecraft:dirt":20,"minecraft:white_banner":1,"minecraft:iron_leggings":1,"minecraft:cooked_mutton":5,"minecraft:wheat_seeds":6,"minecraft:cobbled_deepslate":24,"minecraft:stone_pickaxe":2,"minecraft:iron_ingot":20,"minecraft:beef":8,"minecraft:cooked_chicken":6,"minecraft:chest":1,"minecraft:stick":2,"minecraft:cooked_porkchop":8,"minecraft:porkchop":9,"minecraft:spruce_sapling":2,"minecraft:pointed_dripstone":19,"minecraft:diorite":1,"minecraft:white_bed":4,"minecraft:spruce_log":12,"minecraft:goat_horn":1,"minecraft:stone_sword":1,"minecraft:rotten_flesh":2,"minecraft:diamond":2,"minecraft:spruce_boat":1,"minecraft:stone_axe":1,"minecraft:iron_helmet":1,"minecraft:hay_block":11,"minecraft:crossbow":1,"minecraft:granite":22,"minecraft:black_wool":1,"minecraft:mutton":9,"minecraft:coal":7,"minecraft:white_wool":7,"minecraft:cobblestone":69},"minecraft:custom":{"minecraft:interact_with_furnace":15,"minecraft:mob_kills":14,"minecraft:interact_with_crafting_table":21,"minecraft:leave_game":2,"minecraft:time_since_death":44659,"minecraft:sleep_in_bed":6,"minecraft:climb_one_cm":1841,"minecraft:time_since_rest":8935,"minecraft:sprint_one_cm":199683,"minecraft:damage_taken":1269,"minecraft:walk_one_cm":235344,"minecraft:damage_blocked_by_shield":225,"minecraft:drop":10,"minecraft:damage_dealt":1966,"minecraft:swim_one_cm":12218,"minecraft:fly_one_cm":139463,"minecraft:open_chest":21,"minecraft:crouch_one_cm":4133,"minecraft:play_time":75473,"minecraft:deaths":1,"minecraft:sneak_time":1687,"minecraft:walk_under_water_one_cm":8880,"minecraft:boat_one_cm":37732,"minecraft:jump":1155,"minecraft:walk_on_water_one_cm":5136,"minecraft:total_world_time":75473,"minecraft:fall_one_cm":36946},"minecraft:killed":{"minecraft:pig":1,"minecraft:salmon":1,"minecraft:creeper":1,"minecraft:sheep":5,"minecraft:pillager":2,"minecraft:zombie":1,"minecraft:cow":3},"minecraft:used":{"minecraft:cooked_mutton":5,"minecraft:diorite":1,"minecraft:stone_sword":1,"minecraft:stone_pickaxe":108,"minecraft:chest":2,"minecraft:shield":5,"minecraft:iron_sword":9,"minecraft:cooked_chicken":4,"minecraft:dirt":9,"minecraft:mutton":2,"minecraft:crafting_table":8,"minecraft:carrot":4,"minecraft:white_bed":5,"minecraft:crossbow":1,"minecraft:tuff":2,"minecraft:spruce_boat":1,"minecraft:wooden_axe":20,"minecraft:iron_axe":51,"minecraft:iron_pickaxe":21,"minecraft:stone_axe":1,"minecraft:cobblestone":31,"minecraft:porkchop":4,"minecraft:furnace":1,"minecraft:cooked_porkchop":2,"minecraft:cobbled_deepslate":24,"minecraft:pointed_dripstone":19},"minecraft:dropped":{"minecraft:wheat_seeds":5,"minecraft:cooked_beef":1,"minecraft:cooked_porkchop":6,"minecraft:wheat":63,"minecraft:rotten_flesh":1,"minecraft:cooked_mutton":5,"minecraft:black_wool":1},"minecraft:crafted":{"minecraft:cooked_beef":1,"minecraft:oak_planks":24,"minecraft:stone_shovel":1,"minecraft:cooked_porkchop":3,"minecraft:crafting_table":5,"minecraft:spruce_planks":48,"minecraft:iron_sword":1,"minecraft:furnace":1,"minecraft:stone_axe":1,"minecraft:bread":33,"minecraft:cooked_mutton":5,"minecraft:shield":1,"minecraft:iron_axe":1,"minecraft:stick":12,"minecraft:iron_ingot":13,"minecraft:iron_pickaxe":1,"minecraft:stone_pickaxe":1,"minecraft:wooden_axe":1,"minecraft:stone_sword":1,"minecraft:chest":1,"minecraft:white_bed":2,"minecraft:wheat":99}},"DataVersion":3953}