{"stats":{"minecraft:mined":{"minecraft:tuff":2,"minecraft:white_bed":3,"minecraft:oak_door":1,"minecraft:granite":21,"minecraft:grass_block":13,"minecraft:spruce_leaves":2,"minecraft:large_fern":2,"minecraft:hay_block":6,"minecraft:iron_ore":33,"minecraft:andesite":14,"minecraft:pointed_dripstone":9,"minecraft:dirt_path":1,"minecraft:stone":100,"minecraft:white_wool":3,"minecraft:crafting_table":3,"minecraft:torch":1,"minecraft:short_grass":12,"minecraft:chest":1,"minecraft:white_stained_glass_pane":1,"minecraft:tall_grass":2,"minecraft:cobblestone":1,"minecraft:deepslate_coal_ore":3,"minecraft:oak_planks":4,"minecraft:diorite":12,"minecraft:spruce_log":12,"minecraft:yellow_stained_glass_pane":1,"minecraft:coal_ore":40,"minecraft:oak_log":12,"minecraft:dirt":13,"minecraft:deepslate":25},"minecraft:picked_up":{"minecraft:wooden_axe":1,"minecraft:iron_chestplate":5,"minecraft:crafting_table":3,"minecraft:wheat":63,"minecraft:ominous_bottle":1,"minecraft:shield":9,"minecraft:iron_axe":4,"minecraft:iron_leggings":5,"minecraft:cobbled_deepslate":24,"minecraft:beef":8,"minecraft:iron_pickaxe":4,"minecraft:chest":1,"minecraft:iron_boots":3,"minecraft:stick":2,"minecraft:raw_iron":165,"minecraft:oak_door":1,"minecraft:torch":14,"minecraft:porkchop":9,"minecraft:pointed_dripstone":20,"minecraft:diorite":12,"minecraft:goat_horn":1,"minecraft:rotten_flesh":2,"minecraft:stone_sword":1,"minecraft:arrow":14,"minecraft:hay_block":11,"minecraft:mutton":9,"minecraft:cobblestone":106,"minecraft:white_wool":7,"minecraft:andesite":14,"minecraft:leather":1,"minecraft:tuff":2,"minecraft:oak_log":12,"minecraft:gunpowder":2,"minecraft:dirt":27,"minecraft:white_banner":1,"minecraft:cooked_mutton":5,"minecraft:apple":44,"minecraft:wheat_seeds":7,"minecraft:stone_pickaxe":2,"minecraft:iron_ingot":20,"minecraft:cooked_chicken":6,"minecraft:oak_planks":5,"minecraft:iron_sword":5,"minecraft:cooked_porkchop":19,"minecraft:spruce_sapling":2,"minecraft:ink_sac":1,"minecraft:white_bed":4,"minecraft:spruce_log":12,"minecraft:diamond":2,"minecraft:stone_axe":1,"minecraft:spruce_boat":1,"minecraft:iron_helmet":5,"minecraft:granite":32,"minecraft:crossbow":1,"minecraft:bread":76,"minecraft:black_wool":1,"minecraft:coal":188},"minecraft:custom":{"minecraft:mob_kills":20,"minecraft:interact_with_crafting_table":23,"minecraft:leave_game":2,"minecraft:time_since_death":9271,"minecraft:climb_one_cm":2730,"minecraft:sprint_one_cm":269557,"minecraft:walk_one_cm":416539,"minecraft:damage_blocked_by_shield":540,"minecraft:drop":12,"minecraft:talked_to_villager":5,"minecraft:play_time":135126,"minecraft:deaths":5,"minecraft:sneak_time":2299,"minecraft:walk_under_water_one_cm":15761,"minecraft:boat_one_cm":37732,"minecraft:jump":1872,"minecraft:walk_on_water_one_cm":11594,"minecraft:total_world_time":135126,"minecraft:interact_with_furnace":15,"minecraft:raid_trigger":1,"minecraft:sleep_in_bed":8,"minecraft:time_since_rest":9297,"minecraft:damage_taken":2889,"minecraft:damage_dealt":3463,"minecraft:swim_one_cm":12942,"minecraft:fly_one_cm":166453,"minecraft:open_chest":27,"minecraft:crouch_one_cm":4513,"minecraft:fall_one_cm":53830},"minecraft:killed_by":{"minecraft:pillager":1,"minecraft:vindicator":3},"minecraft:killed":{"minecraft:vindicator":1,"minecraft:drowned":1,"minecraft:pig":1,"minecraft:salmon":1,"minecraft:ravager":1,"minecraft:creeper":2,"minecraft:sheep":5,"minecraft:pillager":4,"minecraft:zombie":1,"minecraft:cow":3},"minecraft:used":{"minecraft:stone_sword":1,"minecraft:chest":2,"minecraft:shield":8,"minecraft:iron_sword":12,"minecraft:cooked_chicken":6,"minecraft:iron_chestplate":2,"minecraft:oak_door":1,"minecraft:torch":28,"minecraft:dirt":16,"minecraft:mutton":2,"minecraft:carrot":4,"minecraft:tuff":2,"minecraft:spruce_boat":1,"minecraft:wooden_axe":20,"minecraft:iron_axe":91,"minecraft:iron_helmet":1,"minecraft:iron_boots":1,"minecraft:ominous_bottle":1,"minecraft:furnace":1,"minecraft:cobbled_deepslate":24,"minecraft:iron_leggings":1,"minecraft:pointed_dripstone":19,"minecraft:cooked_mutton":5,"minecraft:diorite":1,"minecraft:stone_pickaxe":108,"minecraft:oak_planks":38,"minecraft:crafting_table":8,"minecraft:crossbow":1,"minecraft:white_bed":6,"minecraft:bread":5,"minecraft:iron_pickaxe":164,"minecraft:stone_axe":1,"minecraft:cobblestone":62,"minecraft:cooked_porkchop":3,"minecraft:porkchop":4},"minecraft:dropped":{"minecraft:wheat_seeds":5,"minecraft:cooked_beef":1,"minecraft:cooked_porkchop":6,"minecraft:ink_sac":1,"minecraft:wheat":63,"minecraft:pointed_dripstone":1,"minecraft:rotten_flesh":1,"minecraft:cooked_mutton":5,"minecraft:black_wool":1},"minecraft:crafted":{"minecraft:oak_planks":48,"minecraft:stone_shovel":1,"minecraft:furnace":1,"minecraft:cooked_mutton":5,"minecraft:iron_axe":1,"minecraft:stone_pickaxe":1,"minecraft:chest":1,"minecraft:wheat":99,"minecraft:cooked_beef":1,"minecraft:cooked_porkchop":3,"minecraft:crafting_table":5,"minecraft:spruce_planks":48,"minecraft:iron_sword":1,"minecraft:stone_axe":1,"minecraft:bread":33,"minecraft:shield":1,"minecraft:stick":20,"minecraft:iron_ingot":13,"minecraft:iron_pickaxe":1,"minecraft:wooden_axe":1,"minecraft:stone_sword":1,"minecraft:white_bed":2,"minecraft:torch":32}},"DataVersion":3953}