{"stats":{"minecraft:used":{"minecraft:oak_trapdoor":3,"minecraft:stone_sword":44,"minecraft:chest":1,"minecraft:shield":36,"minecraft:iron_sword":128,"minecraft:cooked_chicken":9,"minecraft:iron_chestplate":1,"minecraft:torch":114,"minecraft:dirt":82,"minecraft:golden_shovel":52,"minecraft:wooden_axe":1,"minecraft:iron_axe":251,"minecraft:iron_boots":1,"minecraft:basalt":7,"minecraft:birch_button":2,"minecraft:bow":14,"minecraft:oak_sapling":134,"minecraft:furnace":3,"minecraft:cooked_beef":4,"minecraft:cooked_mutton":4,"minecraft:diorite":4,"minecraft:stone_pickaxe":37,"minecraft:oak_planks":16,"minecraft:wooden_pickaxe":9,"minecraft:chainmail_helmet":1,"minecraft:diamond_axe":573,"minecraft:white_wool":1,"minecraft:golden_apple":1,"minecraft:mossy_cobblestone":1,"minecraft:crafting_table":7,"minecraft:crossbow":3,"minecraft:white_bed":1,"minecraft:oak_log":1,"minecraft:diamond_pickaxe":78,"minecraft:apple":15,"minecraft:bread":1,"minecraft:map":1,"minecraft:oak_button":2,"minecraft:iron_pickaxe":229,"minecraft:stone_axe":529,"minecraft:pink_petals":19,"minecraft:cobblestone":3,"minecraft:cooked_porkchop":4,"minecraft:yellow_bed":2},"minecraft:mined":{"minecraft:white_bed":1,"minecraft:oak_sapling":20,"minecraft:cherry_log":10,"minecraft:grass_block":63,"minecraft:oak_trapdoor":2,"minecraft:furnace":1,"minecraft:iron_ore":29,"minecraft:stripped_oak_log":28,"minecraft:stone":93,"minecraft:basalt":7,"minecraft:soul_fire":1,"minecraft:dandelion":2,"minecraft:crafting_table":4,"minecraft:torch":3,"minecraft:short_grass":25,"minecraft:emerald_ore":1,"minecraft:tall_grass":5,"minecraft:oak_planks":8,"minecraft:diorite":4,"minecraft:wall_torch":1,"minecraft:pink_petals":13,"minecraft:birch_log":147,"minecraft:birch_leaves":7,"minecraft:yellow_bed":1,"minecraft:coal_ore":153,"minecraft:oak_log":830,"minecraft:cherry_leaves":1,"minecraft:dirt":51,"minecraft:netherrack":58,"minecraft:oak_leaves":474},"minecraft:custom":{"minecraft:interact_with_anvil":1,"minecraft:mob_kills":30,"minecraft:interact_with_crafting_table":25,"minecraft:leave_game":4,"minecraft:time_since_death":5491,"minecraft:climb_one_cm":742,"minecraft:sprint_one_cm":338281,"minecraft:walk_one_cm":899431,"minecraft:damage_blocked_by_shield":1935,"minecraft:drop":66,"minecraft:talked_to_villager":85,"minecraft:play_time":311575,"minecraft:deaths":9,"minecraft:sneak_time":4223,"minecraft:walk_under_water_one_cm":13147,"minecraft:boat_one_cm":26691,"minecraft:jump":2724,"minecraft:interact_with_brewingstand":2,"minecraft:walk_on_water_one_cm":12734,"minecraft:total_world_time":311575,"minecraft:interact_with_furnace":54,"minecraft:traded_with_villager":182,"minecraft:interact_with_cartography_table":1,"minecraft:sleep_in_bed":19,"minecraft:time_since_rest":5517,"minecraft:damage_taken":4356,"minecraft:damage_absorbed":40,"minecraft:damage_dealt":3448,"minecraft:fly_one_cm":245508,"minecraft:open_chest":21,"minecraft:crouch_one_cm":8798,"minecraft:fall_one_cm":74041},"minecraft:dropped":{"minecraft:iron_ingot":1,"minecraft:wheat_seeds":10,"minecraft:cooked_beef":1,"minecraft:cobblestone":28,"minecraft:leather":4,"minecraft:chainmail_helmet":1,"minecraft:emerald":34,"minecraft:stick":32,"minecraft:flint":1,"minecraft:dirt":1,"minecraft:gray_wool":3,"minecraft:wooden_axe":1,"minecraft:pink_petals":12,"minecraft:white_wool":6,"minecraft:stone_axe":1,"minecraft:birch_sapling":6,"minecraft:rotten_flesh":8,"minecraft:oak_planks":261,"minecraft:cooked_mutton":4,"minecraft:filled_map":9,"minecraft:oak_button":4,"minecraft:oak_sapling":19,"minecraft:spider_eye":1,"minecraft:birch_button":6,"minecraft:stone_pickaxe":1,"minecraft:wooden_pickaxe":1},"minecraft:picked_up":{"minecraft:wooden_axe":1,"minecraft:iron_chestplate":4,"minecraft:crafting_table":7,"minecraft:chicken":5,"minecraft:golden_pickaxe":1,"minecraft:wooden_pickaxe":1,"minecraft:golden_shovel":1,"minecraft:enchanted_book":1,"minecraft:birch_button":10,"minecraft:shield":7,"minecraft:oak_trapdoor":1,"minecraft:string":5,"minecraft:iron_axe":2,"minecraft:iron_leggings":5,"minecraft:beef":9,"minecraft:oak_boat":3,"minecraft:iron_pickaxe":9,"minecraft:sugar_cane":1,"minecraft:birch_sapling":6,"minecraft:iron_boots":2,"minecraft:furnace":3,"minecraft:raw_iron":34,"minecraft:stick":625,"minecraft:torch":39,"minecraft:porkchop":4,"minecraft:cherry_log":20,"minecraft:diorite":8,"minecraft:carrot":2,"minecraft:arrow":25,"minecraft:stone_sword":9,"minecraft:rotten_flesh":15,"minecraft:golden_hoe":1,"minecraft:mutton":7,"minecraft:white_wool":10,"minecraft:cobblestone":134,"minecraft:stripped_oak_log":28,"minecraft:birch_log":147,"minecraft:pink_petals":40,"minecraft:basalt":14,"minecraft:cooked_beef":2,"minecraft:magma_cream":6,"minecraft:leather":8,"minecraft:potato":8,"minecraft:filled_map":14,"minecraft:flint":2,"minecraft:oak_log":1078,"minecraft:yellow_bed":2,"minecraft:dirt":113,"minecraft:cooked_mutton":3,"minecraft:bone":3,"minecraft:apple":22,"minecraft:bow":3,"minecraft:wheat_seeds":27,"minecraft:stone_pickaxe":4,"minecraft:iron_ingot":5,"minecraft:cooked_chicken":4,"minecraft:oak_planks":17,"minecraft:cooked_porkchop":3,"minecraft:dandelion":2,"minecraft:white_bed":1,"minecraft:spider_eye":7,"minecraft:mossy_cobblestone":1,"minecraft:diamond":6,"minecraft:stone_axe":1,"minecraft:iron_helmet":4,"minecraft:diamond_axe":2,"minecraft:crossbow":2,"minecraft:gray_wool":3,"minecraft:golden_apple":11,"minecraft:chainmail_helmet":2,"minecraft:emerald":148,"minecraft:oak_button":4,"minecraft:oak_sapling":157,"minecraft:netherrack":128,"minecraft:coal":374,"minecraft:diamond_pickaxe":2},"minecraft:killed":{"minecraft:spider":1,"minecraft:skeleton":3,"minecraft:magma_cube":9,"minecraft:pig":1,"minecraft:creeper":1,"minecraft:sheep":5,"minecraft:zombie":7,"minecraft:cow":3},"minecraft:broken":{"minecraft:iron_axe":1,"minecraft:stone_axe":4,"minecraft:iron_sword":1},"minecraft:killed_by":{"minecraft:player":1,"minecraft:creeper":1,"minecraft:skeleton":1,"minecraft:zombie":5},"minecraft:crafted":{"minecraft:oak_planks":2716,"minecraft:cooked_chicken":6,"minecraft:furnace":2,"minecraft:cooked_mutton":7,"minecraft:oak_trapdoor":2,"minecraft:iron_boots":1,"minecraft:bow":2,"minecraft:iron_axe":1,"minecraft:stone_pickaxe":1,"minecraft:chest":1,"minecraft:oak_button":2,"minecraft:birch_button":6,"minecraft:cooked_beef":3,"minecraft:crossbow":1,"minecraft:emerald":178,"minecraft:cooked_porkchop":4,"minecraft:diamond_axe":1,"minecraft:map":1,"minecraft:crafting_table":2,"minecraft:wooden_pickaxe":1,"minecraft:iron_helmet":1,"minecraft:iron_sword":1,"minecraft:birch_planks":588,"minecraft:stone_axe":5,"minecraft:diamond_pickaxe":1,"minecraft:shield":1,"minecraft:stick":5924,"minecraft:iron_ingot":23,"minecraft:iron_pickaxe":2,"minecraft:wooden_axe":1,"minecraft:white_bed":1,"minecraft:torch":124}},"DataVersion":3953}