{"stats":{"minecraft:used":{"minecraft:oak_trapdoor":3,"minecraft:stone_sword":36,"minecraft:chest":1,"minecraft:shield":21,"minecraft:cooked_chicken":9,"minecraft:iron_chestplate":1,"minecraft:torch":26,"minecraft:dirt":74,"minecraft:golden_shovel":52,"minecraft:wooden_axe":1,"minecraft:iron_axe":251,"minecraft:iron_boots":1,"minecraft:birch_button":2,"minecraft:bow":6,"minecraft:oak_sapling":36,"minecraft:furnace":2,"minecraft:cooked_beef":3,"minecraft:cooked_mutton":2,"minecraft:stone_pickaxe":37,"minecraft:oak_planks":1,"minecraft:wooden_pickaxe":9,"minecraft:chainmail_helmet":1,"minecraft:white_wool":1,"minecraft:mossy_cobblestone":1,"minecraft:crafting_table":6,"minecraft:crossbow":3,"minecraft:white_bed":1,"minecraft:apple":10,"minecraft:bread":1,"minecraft:oak_button":2,"minecraft:iron_pickaxe":113,"minecraft:stone_axe":529,"minecraft:pink_petals":6,"minecraft:cobblestone":3,"minecraft:yellow_bed":2},"minecraft:mined":{"minecraft:oak_sapling":5,"minecraft:grass_block":34,"minecraft:oak_trapdoor":2,"minecraft:furnace":1,"minecraft:iron_ore":15,"minecraft:stripped_oak_log":28,"minecraft:stone":66,"minecraft:dandelion":2,"minecraft:crafting_table":4,"minecraft:torch":1,"minecraft:short_grass":16,"minecraft:tall_grass":5,"minecraft:oak_planks":1,"minecraft:wall_torch":1,"minecraft:pink_petals":4,"minecraft:birch_log":147,"minecraft:birch_leaves":7,"minecraft:yellow_bed":1,"minecraft:coal_ore":71,"minecraft:oak_log":477,"minecraft:dirt":42,"minecraft:oak_leaves":174},"minecraft:dropped":{"minecraft:wheat_seeds":10,"minecraft:cobblestone":2,"minecraft:leather":4,"minecraft:chainmail_helmet":1,"minecraft:stick":32,"minecraft:flint":1,"minecraft:dirt":1,"minecraft:gray_wool":3,"minecraft:wooden_axe":1,"minecraft:pink_petals":12,"minecraft:white_wool":6,"minecraft:stone_axe":1,"minecraft:birch_sapling":6,"minecraft:rotten_flesh":2,"minecraft:oak_planks":5,"minecraft:oak_button":4,"minecraft:oak_sapling":19,"minecraft:spider_eye":1,"minecraft:birch_button":6,"minecraft:stone_pickaxe":1,"minecraft:wooden_pickaxe":1},"minecraft:custom":{"minecraft:mob_kills":16,"minecraft:interact_with_crafting_table":16,"minecraft:leave_game":4,"minecraft:time_since_death":37015,"minecraft:sprint_one_cm":245077,"minecraft:walk_one_cm":532652,"minecraft:damage_blocked_by_shield":1200,"minecraft:drop":43,"minecraft:talked_to_villager":76,"minecraft:play_time":185589,"minecraft:deaths":3,"minecraft:sneak_time":2720,"minecraft:walk_under_water_one_cm":907,"minecraft:jump":1504,"minecraft:interact_with_brewingstand":2,"minecraft:walk_on_water_one_cm":4196,"minecraft:total_world_time":185589,"minecraft:interact_with_furnace":33,"minecraft:traded_with_villager":147,"minecraft:interact_with_cartography_table":1,"minecraft:sleep_in_bed":16,"minecraft:time_since_rest":11408,"minecraft:damage_taken":2031,"minecraft:damage_dealt":2083,"minecraft:fly_one_cm":158823,"minecraft:open_chest":16,"minecraft:crouch_one_cm":6464,"minecraft:fall_one_cm":41437},"minecraft:picked_up":{"minecraft:wooden_axe":1,"minecraft:iron_chestplate":2,"minecraft:crafting_table":7,"minecraft:chicken":5,"minecraft:golden_pickaxe":1,"minecraft:wooden_pickaxe":1,"minecraft:golden_shovel":1,"minecraft:enchanted_book":1,"minecraft:birch_button":10,"minecraft:shield":3,"minecraft:oak_trapdoor":1,"minecraft:string":1,"minecraft:iron_axe":2,"minecraft:iron_leggings":2,"minecraft:beef":9,"minecraft:iron_pickaxe":3,"minecraft:sugar_cane":1,"minecraft:birch_sapling":6,"minecraft:furnace":3,"minecraft:raw_iron":20,"minecraft:stick":153,"minecraft:torch":14,"minecraft:porkchop":1,"minecraft:carrot":2,"minecraft:arrow":16,"minecraft:stone_sword":6,"minecraft:rotten_flesh":6,"minecraft:golden_hoe":1,"minecraft:mutton":7,"minecraft:white_wool":10,"minecraft:cobblestone":74,"minecraft:stripped_oak_log":28,"minecraft:birch_log":147,"minecraft:pink_petals":22,"minecraft:cooked_beef":1,"minecraft:leather":8,"minecraft:potato":8,"minecraft:flint":2,"minecraft:oak_log":475,"minecraft:yellow_bed":2,"minecraft:dirt":75,"minecraft:cooked_mutton":2,"minecraft:bone":3,"minecraft:apple":5,"minecraft:bow":1,"minecraft:wheat_seeds":22,"minecraft:stone_pickaxe":4,"minecraft:iron_ingot":4,"minecraft:cooked_chicken":4,"minecraft:oak_planks":12,"minecraft:dandelion":2,"minecraft:spider_eye":1,"minecraft:mossy_cobblestone":1,"minecraft:stone_axe":1,"minecraft:gray_wool":3,"minecraft:golden_apple":3,"minecraft:chainmail_helmet":2,"minecraft:emerald":147,"minecraft:oak_button":4,"minecraft:oak_sapling":59,"minecraft:coal":118},"minecraft:killed":{"minecraft:spider":1,"minecraft:skeleton":1,"minecraft:sheep":5,"minecraft:zombie":6,"minecraft:cow":3},"minecraft:broken":{"minecraft:iron_axe":1,"minecraft:stone_axe":4},"minecraft:killed_by":{"minecraft:player":1,"minecraft:creeper":1,"minecraft:skeleton":1},"minecraft:crafted":{"minecraft:oak_planks":2012,"minecraft:cooked_chicken":6,"minecraft:furnace":1,"minecraft:cooked_mutton":7,"minecraft:oak_trapdoor":2,"minecraft:iron_boots":1,"minecraft:bow":2,"minecraft:iron_axe":1,"minecraft:stone_pickaxe":1,"minecraft:chest":1,"minecraft:oak_button":2,"minecraft:birch_button":6,"minecraft:cooked_beef":3,"minecraft:crossbow":1,"minecraft:emerald":144,"minecraft:cooked_porkchop":1,"minecraft:crafting_table":1,"minecraft:wooden_pickaxe":1,"minecraft:iron_helmet":1,"minecraft:birch_planks":588,"minecraft:stone_axe":5,"minecraft:stick":5108,"minecraft:iron_ingot":15,"minecraft:iron_pickaxe":1,"minecraft:wooden_axe":1,"minecraft:white_bed":1,"minecraft:torch":44}},"DataVersion":3953}