{"stats":{"minecraft:mined":{"minecraft:tuff":2,"minecraft:white_bed":2,"minecraft:crafting_table":3,"minecraft:granite":11,"minecraft:short_grass":5,"minecraft:grass_block":6,"minecraft:chest":1,"minecraft:cobblestone":1,"minecraft:spruce_leaves":2,"minecraft:diorite":1,"minecraft:large_fern":2,"minecraft:spruce_log":12,"minecraft:pointed_dripstone":8,"minecraft:coal_ore":1,"minecraft:dirt":4,"minecraft:stone":61,"minecraft:deepslate":25},"minecraft:picked_up":{"minecraft:wooden_axe":1,"minecraft:crafting_table":3,"minecraft:iron_chestplate":1,"minecraft:leather":1,"minecraft:tuff":2,"minecraft:shield":1,"minecraft:dirt":9,"minecraft:iron_leggings":1,"minecraft:cooked_mutton":5,"minecraft:wheat_seeds":5,"minecraft:cobbled_deepslate":24,"minecraft:beef":8,"minecraft:iron_ingot":20,"minecraft:stone_pickaxe":2,"minecraft:chest":1,"minecraft:stick":2,"minecraft:cooked_porkchop":4,"minecraft:porkchop":9,"minecraft:spruce_sapling":2,"minecraft:pointed_dripstone":19,"minecraft:diorite":1,"minecraft:white_bed":3,"minecraft:spruce_log":12,"minecraft:stone_sword":1,"minecraft:diamond":2,"minecraft:stone_axe":1,"minecraft:spruce_boat":1,"minecraft:iron_helmet":1,"minecraft:granite":22,"minecraft:coal":2,"minecraft:black_wool":1,"minecraft:mutton":9,"minecraft:white_wool":4,"minecraft:cobblestone":67},"minecraft:custom":{"minecraft:interact_with_furnace":12,"minecraft:mob_kills":10,"minecraft:interact_with_crafting_table":13,"minecraft:leave_game":1,"minecraft:time_since_death":20809,"minecraft:sleep_in_bed":5,"minecraft:time_since_rest":1151,"minecraft:sprint_one_cm":118992,"minecraft:damage_taken":569,"minecraft:walk_one_cm":149955,"minecraft:drop":7,"minecraft:damage_dealt":1109,"minecraft:swim_one_cm":10390,"minecraft:fly_one_cm":68329,"minecraft:open_chest":15,"minecraft:crouch_one_cm":4043,"minecraft:play_time":51623,"minecraft:deaths":1,"minecraft:sneak_time":1667,"minecraft:walk_under_water_one_cm":8234,"minecraft:boat_one_cm":37732,"minecraft:jump":721,"minecraft:walk_on_water_one_cm":2641,"minecraft:total_world_time":51623,"minecraft:fall_one_cm":19240},"minecraft:killed":{"minecraft:pig":1,"minecraft:salmon":1,"minecraft:sheep":5,"minecraft:cow":3},"minecraft:used":{"minecraft:cooked_mutton":4,"minecraft:diorite":1,"minecraft:stone_sword":1,"minecraft:stone_pickaxe":108,"minecraft:chest":1,"minecraft:dirt":9,"minecraft:mutton":2,"minecraft:crafting_table":6,"minecraft:white_bed":3,"minecraft:tuff":2,"minecraft:spruce_boat":1,"minecraft:wooden_axe":20,"minecraft:iron_axe":19,"minecraft:iron_pickaxe":8,"minecraft:stone_axe":1,"minecraft:cobblestone":31,"minecraft:furnace":1,"minecraft:porkchop":4,"minecraft:cobbled_deepslate":24,"minecraft:pointed_dripstone":19},"minecraft:dropped":{"minecraft:wheat_seeds":2,"minecraft:cooked_beef":1,"minecraft:cooked_porkchop":6,"minecraft:cooked_mutton":5,"minecraft:black_wool":1},"minecraft:crafted":{"minecraft:cooked_beef":1,"minecraft:stone_shovel":1,"minecraft:cooked_porkchop":3,"minecraft:crafting_table":3,"minecraft:spruce_planks":48,"minecraft:iron_sword":1,"minecraft:furnace":1,"minecraft:stone_axe":1,"minecraft:cooked_mutton":5,"minecraft:shield":1,"minecraft:iron_axe":1,"minecraft:stick":12,"minecraft:iron_ingot":13,"minecraft:iron_pickaxe":1,"minecraft:stone_pickaxe":1,"minecraft:wooden_axe":1,"minecraft:stone_sword":1,"minecraft:chest":1,"minecraft:white_bed":1}},"DataVersion":3953}