{"stats":{"minecraft:used":{"minecraft:oak_trapdoor":3,"minecraft:stone_sword":44,"minecraft:chest":1,"minecraft:shield":27,"minecraft:iron_sword":128,"minecraft:cooked_chicken":9,"minecraft:iron_chestplate":1,"minecraft:torch":52,"minecraft:dirt":76,"minecraft:golden_shovel":52,"minecraft:wooden_axe":1,"minecraft:iron_axe":251,"minecraft:iron_boots":1,"minecraft:birch_button":2,"minecraft:bow":7,"minecraft:oak_sapling":91,"minecraft:furnace":2,"minecraft:cooked_beef":3,"minecraft:cooked_mutton":3,"minecraft:stone_pickaxe":37,"minecraft:oak_planks":1,"minecraft:wooden_pickaxe":9,"minecraft:chainmail_helmet":1,"minecraft:diamond_axe":225,"minecraft:white_wool":1,"minecraft:mossy_cobblestone":1,"minecraft:crafting_table":6,"minecraft:crossbow":3,"minecraft:white_bed":1,"minecraft:apple":10,"minecraft:bread":1,"minecraft:oak_button":2,"minecraft:iron_pickaxe":224,"minecraft:stone_axe":529,"minecraft:pink_petals":6,"minecraft:cobblestone":3,"minecraft:yellow_bed":2},"minecraft:mined":{"minecraft:oak_sapling":15,"minecraft:grass_block":56,"minecraft:oak_trapdoor":2,"minecraft:furnace":1,"minecraft:iron_ore":24,"minecraft:stripped_oak_log":28,"minecraft:stone":88,"minecraft:dandelion":2,"minecraft:crafting_table":4,"minecraft:torch":1,"minecraft:short_grass":19,"minecraft:emerald_ore":1,"minecraft:tall_grass":5,"minecraft:oak_planks":1,"minecraft:wall_torch":1,"minecraft:pink_petals":4,"minecraft:birch_log":147,"minecraft:birch_leaves":7,"minecraft:yellow_bed":1,"minecraft:coal_ore":150,"minecraft:oak_log":646,"minecraft:dirt":43,"minecraft:oak_leaves":356},"minecraft:custom":{"minecraft:interact_with_anvil":1,"minecraft:mob_kills":19,"minecraft:interact_with_crafting_table":22,"minecraft:leave_game":4,"minecraft:time_since_death":79015,"minecraft:climb_one_cm":574,"minecraft:sprint_one_cm":259812,"minecraft:walk_one_cm":708757,"minecraft:damage_blocked_by_shield":1515,"minecraft:drop":55,"minecraft:talked_to_villager":82,"minecraft:play_time":227589,"minecraft:deaths":3,"minecraft:sneak_time":2760,"minecraft:walk_under_water_one_cm":907,"minecraft:jump":1802,"minecraft:interact_with_brewingstand":2,"minecraft:walk_on_water_one_cm":4731,"minecraft:total_world_time":227589,"minecraft:interact_with_furnace":47,"minecraft:traded_with_villager":181,"minecraft:interact_with_cartography_table":1,"minecraft:sleep_in_bed":17,"minecraft:time_since_rest":13788,"minecraft:damage_taken":2155,"minecraft:damage_dealt":2673,"minecraft:fly_one_cm":174258,"minecraft:open_chest":18,"minecraft:crouch_one_cm":6529,"minecraft:fall_one_cm":47065},"minecraft:dropped":{"minecraft:iron_ingot":1,"minecraft:wheat_seeds":10,"minecraft:cooked_beef":1,"minecraft:cobblestone":28,"minecraft:leather":4,"minecraft:chainmail_helmet":1,"minecraft:stick":32,"minecraft:flint":1,"minecraft:dirt":1,"minecraft:gray_wool":3,"minecraft:wooden_axe":1,"minecraft:pink_petals":12,"minecraft:white_wool":6,"minecraft:stone_axe":1,"minecraft:birch_sapling":6,"minecraft:rotten_flesh":6,"minecraft:oak_planks":261,"minecraft:cooked_mutton":4,"minecraft:oak_button":4,"minecraft:oak_sapling":19,"minecraft:spider_eye":1,"minecraft:birch_button":6,"minecraft:stone_pickaxe":1,"minecraft:wooden_pickaxe":1},"minecraft:picked_up":{"minecraft:wooden_axe":1,"minecraft:iron_chestplate":2,"minecraft:crafting_table":7,"minecraft:chicken":5,"minecraft:golden_pickaxe":1,"minecraft:wooden_pickaxe":1,"minecraft:golden_shovel":1,"minecraft:enchanted_book":1,"minecraft:birch_button":10,"minecraft:shield":3,"minecraft:oak_trapdoor":1,"minecraft:string":1,"minecraft:iron_axe":2,"minecraft:iron_leggings":2,"minecraft:beef":9,"minecraft:iron_pickaxe":3,"minecraft:sugar_cane":1,"minecraft:birch_sapling":6,"minecraft:furnace":3,"minecraft:raw_iron":29,"minecraft:stick":468,"minecraft:torch":15,"minecraft:porkchop":1,"minecraft:carrot":2,"minecraft:arrow":18,"minecraft:stone_sword":6,"minecraft:rotten_flesh":6,"minecraft:golden_hoe":1,"minecraft:mutton":7,"minecraft:white_wool":10,"minecraft:cobblestone":126,"minecraft:stripped_oak_log":28,"minecraft:birch_log":147,"minecraft:pink_petals":22,"minecraft:cooked_beef":2,"minecraft:leather":8,"minecraft:potato":8,"minecraft:flint":2,"minecraft:oak_log":644,"minecraft:yellow_bed":2,"minecraft:dirt":97,"minecraft:cooked_mutton":2,"minecraft:bone":3,"minecraft:apple":7,"minecraft:bow":1,"minecraft:wheat_seeds":25,"minecraft:stone_pickaxe":4,"minecraft:iron_ingot":4,"minecraft:cooked_chicken":4,"minecraft:oak_planks":12,"minecraft:dandelion":2,"minecraft:spider_eye":1,"minecraft:mossy_cobblestone":1,"minecraft:diamond":6,"minecraft:stone_axe":1,"minecraft:gray_wool":3,"minecraft:golden_apple":3,"minecraft:chainmail_helmet":2,"minecraft:emerald":148,"minecraft:oak_button":4,"minecraft:oak_sapling":120,"minecraft:coal":196},"minecraft:killed":{"minecraft:spider":1,"minecraft:skeleton":2,"minecraft:creeper":1,"minecraft:sheep":5,"minecraft:zombie":7,"minecraft:cow":3},"minecraft:broken":{"minecraft:iron_axe":1,"minecraft:stone_axe":4,"minecraft:iron_sword":1},"minecraft:killed_by":{"minecraft:player":1,"minecraft:creeper":1,"minecraft:skeleton":1},"minecraft:crafted":{"minecraft:oak_planks":2680,"minecraft:cooked_chicken":6,"minecraft:furnace":1,"minecraft:cooked_mutton":7,"minecraft:oak_trapdoor":2,"minecraft:iron_boots":1,"minecraft:bow":2,"minecraft:iron_axe":1,"minecraft:stone_pickaxe":1,"minecraft:chest":1,"minecraft:oak_button":2,"minecraft:birch_button":6,"minecraft:cooked_beef":3,"minecraft:crossbow":1,"minecraft:emerald":178,"minecraft:cooked_porkchop":1,"minecraft:diamond_axe":1,"minecraft:crafting_table":1,"minecraft:wooden_pickaxe":1,"minecraft:iron_helmet":1,"minecraft:iron_sword":1,"minecraft:birch_planks":588,"minecraft:stone_axe":5,"minecraft:diamond_pickaxe":1,"minecraft:shield":1,"minecraft:stick":5924,"minecraft:iron_ingot":22,"minecraft:iron_pickaxe":2,"minecraft:wooden_axe":1,"minecraft:white_bed":1,"minecraft:torch":56}},"DataVersion":3953}