{"stats":{"minecraft:mined":{"minecraft:tuff":2,"minecraft:white_bed":3,"minecraft:oak_door":1,"minecraft:crafting_table":3,"minecraft:torch":1,"minecraft:granite":21,"minecraft:short_grass":12,"minecraft:grass_block":13,"minecraft:chest":1,"minecraft:white_stained_glass_pane":1,"minecraft:tall_grass":2,"minecraft:cobblestone":1,"minecraft:deepslate_coal_ore":3,"minecraft:spruce_leaves":2,"minecraft:oak_planks":4,"minecraft:diorite":12,"minecraft:large_fern":2,"minecraft:hay_block":6,"minecraft:iron_ore":33,"minecraft:spruce_log":12,"minecraft:andesite":14,"minecraft:yellow_stained_glass_pane":1,"minecraft:dirt_path":1,"minecraft:oak_log":12,"minecraft:pointed_dripstone":9,"minecraft:coal_ore":40,"minecraft:dirt":13,"minecraft:stone":100,"minecraft:white_wool":3,"minecraft:deepslate":25},"minecraft:picked_up":{"minecraft:wooden_axe":1,"minecraft:crafting_table":3,"minecraft:iron_chestplate":3,"minecraft:wheat":63,"minecraft:ominous_bottle":1,"minecraft:andesite":14,"minecraft:leather":1,"minecraft:tuff":2,"minecraft:oak_log":12,"minecraft:shield":5,"minecraft:gunpowder":2,"minecraft:iron_axe":2,"minecraft:dirt":27,"minecraft:white_banner":1,"minecraft:iron_leggings":3,"minecraft:cooked_mutton":5,"minecraft:apple":22,"minecraft:wheat_seeds":7,"minecraft:cobbled_deepslate":24,"minecraft:iron_ingot":20,"minecraft:beef":8,"minecraft:stone_pickaxe":2,"minecraft:cooked_chicken":6,"minecraft:iron_pickaxe":2,"minecraft:iron_sword":2,"minecraft:chest":1,"minecraft:oak_planks":5,"minecraft:iron_boots":3,"minecraft:stick":2,"minecraft:raw_iron":99,"minecraft:oak_door":1,"minecraft:cooked_porkchop":14,"minecraft:torch":14,"minecraft:porkchop":9,"minecraft:ink_sac":1,"minecraft:spruce_sapling":2,"minecraft:pointed_dripstone":20,"minecraft:diorite":12,"minecraft:white_bed":4,"minecraft:spruce_log":12,"minecraft:goat_horn":1,"minecraft:arrow":2,"minecraft:stone_sword":1,"minecraft:rotten_flesh":2,"minecraft:diamond":2,"minecraft:spruce_boat":1,"minecraft:stone_axe":1,"minecraft:hay_block":11,"minecraft:iron_helmet":3,"minecraft:crossbow":1,"minecraft:granite":32,"minecraft:bread":70,"minecraft:black_wool":1,"minecraft:mutton":9,"minecraft:coal":116,"minecraft:white_wool":7,"minecraft:cobblestone":106},"minecraft:custom":{"minecraft:interact_with_furnace":15,"minecraft:mob_kills":19,"minecraft:interact_with_crafting_table":23,"minecraft:raid_trigger":1,"minecraft:leave_game":2,"minecraft:time_since_death":756,"minecraft:sleep_in_bed":8,"minecraft:climb_one_cm":2155,"minecraft:time_since_rest":782,"minecraft:sprint_one_cm":267532,"minecraft:damage_taken":2453,"minecraft:walk_one_cm":392395,"minecraft:damage_blocked_by_shield":480,"minecraft:drop":11,"minecraft:damage_dealt":3298,"minecraft:talked_to_villager":5,"minecraft:swim_one_cm":12942,"minecraft:fly_one_cm":165412,"minecraft:open_chest":27,"minecraft:crouch_one_cm":4513,"minecraft:play_time":123126,"minecraft:deaths":4,"minecraft:sneak_time":2299,"minecraft:walk_under_water_one_cm":15761,"minecraft:boat_one_cm":37732,"minecraft:jump":1810,"minecraft:walk_on_water_one_cm":11594,"minecraft:total_world_time":123126,"minecraft:fall_one_cm":51636},"minecraft:killed":{"minecraft:pig":1,"minecraft:salmon":1,"minecraft:ravager":1,"minecraft:creeper":2,"minecraft:sheep":5,"minecraft:pillager":4,"minecraft:zombie":1,"minecraft:drowned":1,"minecraft:cow":3},"minecraft:killed_by":{"minecraft:vindicator":3},"minecraft:used":{"minecraft:cooked_mutton":5,"minecraft:diorite":1,"minecraft:stone_sword":1,"minecraft:stone_pickaxe":108,"minecraft:oak_planks":38,"minecraft:chest":2,"minecraft:shield":7,"minecraft:iron_sword":9,"minecraft:cooked_chicken":6,"minecraft:iron_chestplate":1,"minecraft:oak_door":1,"minecraft:torch":28,"minecraft:dirt":16,"minecraft:mutton":2,"minecraft:crafting_table":8,"minecraft:white_bed":6,"minecraft:carrot":4,"minecraft:crossbow":1,"minecraft:tuff":2,"minecraft:spruce_boat":1,"minecraft:wooden_axe":20,"minecraft:iron_axe":90,"minecraft:bread":5,"minecraft:iron_pickaxe":164,"minecraft:iron_helmet":1,"minecraft:iron_boots":1,"minecraft:stone_axe":1,"minecraft:cobblestone":62,"minecraft:ominous_bottle":1,"minecraft:porkchop":4,"minecraft:furnace":1,"minecraft:cooked_porkchop":2,"minecraft:cobbled_deepslate":24,"minecraft:pointed_dripstone":19},"minecraft:dropped":{"minecraft:wheat_seeds":5,"minecraft:cooked_beef":1,"minecraft:cooked_porkchop":6,"minecraft:wheat":63,"minecraft:pointed_dripstone":1,"minecraft:rotten_flesh":1,"minecraft:cooked_mutton":5,"minecraft:black_wool":1},"minecraft:crafted":{"minecraft:cooked_beef":1,"minecraft:oak_planks":48,"minecraft:stone_shovel":1,"minecraft:cooked_porkchop":3,"minecraft:crafting_table":5,"minecraft:spruce_planks":48,"minecraft:iron_sword":1,"minecraft:furnace":1,"minecraft:stone_axe":1,"minecraft:bread":33,"minecraft:cooked_mutton":5,"minecraft:shield":1,"minecraft:iron_axe":1,"minecraft:stick":20,"minecraft:iron_ingot":13,"minecraft:iron_pickaxe":1,"minecraft:stone_pickaxe":1,"minecraft:wooden_axe":1,"minecraft:stone_sword":1,"minecraft:chest":1,"minecraft:white_bed":2,"minecraft:torch":32,"minecraft:wheat":99}},"DataVersion":3953}