{"stats":{"minecraft:used":{"minecraft:oak_trapdoor":3,"minecraft:stone_sword":44,"minecraft:chest":1,"minecraft:shield":35,"minecraft:iron_sword":128,"minecraft:cooked_chicken":9,"minecraft:iron_chestplate":1,"minecraft:torch":53,"minecraft:dirt":79,"minecraft:golden_shovel":52,"minecraft:wooden_axe":1,"minecraft:iron_axe":251,"minecraft:iron_boots":1,"minecraft:birch_button":2,"minecraft:bow":13,"minecraft:oak_sapling":134,"minecraft:furnace":2,"minecraft:cooked_beef":4,"minecraft:cooked_mutton":3,"minecraft:stone_pickaxe":37,"minecraft:oak_planks":1,"minecraft:wooden_pickaxe":9,"minecraft:chainmail_helmet":1,"minecraft:diamond_axe":538,"minecraft:white_wool":1,"minecraft:golden_apple":1,"minecraft:mossy_cobblestone":1,"minecraft:crafting_table":6,"minecraft:crossbow":3,"minecraft:white_bed":1,"minecraft:apple":12,"minecraft:bread":1,"minecraft:map":1,"minecraft:oak_button":2,"minecraft:iron_pickaxe":224,"minecraft:stone_axe":529,"minecraft:pink_petals":19,"minecraft:cobblestone":3,"minecraft:yellow_bed":2},"minecraft:mined":{"minecraft:oak_sapling":20,"minecraft:grass_block":60,"minecraft:oak_trapdoor":2,"minecraft:furnace":1,"minecraft:iron_ore":24,"minecraft:stripped_oak_log":28,"minecraft:stone":88,"minecraft:dandelion":2,"minecraft:crafting_table":4,"minecraft:torch":1,"minecraft:short_grass":22,"minecraft:emerald_ore":1,"minecraft:tall_grass":5,"minecraft:oak_planks":1,"minecraft:wall_torch":1,"minecraft:pink_petals":12,"minecraft:birch_log":147,"minecraft:birch_leaves":7,"minecraft:yellow_bed":1,"minecraft:coal_ore":150,"minecraft:oak_log":829,"minecraft:dirt":47,"minecraft:oak_leaves":474},"minecraft:custom":{"minecraft:interact_with_anvil":1,"minecraft:mob_kills":19,"minecraft:interact_with_crafting_table":22,"minecraft:leave_game":4,"minecraft:time_since_death":20941,"minecraft:climb_one_cm":742,"minecraft:sprint_one_cm":300747,"minecraft:walk_one_cm":811097,"minecraft:damage_blocked_by_shield":1875,"minecraft:drop":63,"minecraft:talked_to_villager":85,"minecraft:play_time":263589,"minecraft:deaths":6,"minecraft:sneak_time":2826,"minecraft:walk_under_water_one_cm":907,"minecraft:jump":2202,"minecraft:interact_with_brewingstand":2,"minecraft:walk_on_water_one_cm":4731,"minecraft:total_world_time":263589,"minecraft:interact_with_furnace":47,"minecraft:traded_with_villager":182,"minecraft:interact_with_cartography_table":1,"minecraft:sleep_in_bed":19,"minecraft:time_since_rest":20972,"minecraft:damage_taken":3095,"minecraft:damage_absorbed":40,"minecraft:damage_dealt":2893,"minecraft:fly_one_cm":207813,"minecraft:open_chest":21,"minecraft:crouch_one_cm":6709,"minecraft:fall_one_cm":57341},"minecraft:dropped":{"minecraft:iron_ingot":1,"minecraft:wheat_seeds":10,"minecraft:cooked_beef":1,"minecraft:cobblestone":28,"minecraft:leather":4,"minecraft:chainmail_helmet":1,"minecraft:emerald":34,"minecraft:stick":32,"minecraft:flint":1,"minecraft:dirt":1,"minecraft:gray_wool":3,"minecraft:wooden_axe":1,"minecraft:pink_petals":12,"minecraft:white_wool":6,"minecraft:stone_axe":1,"minecraft:birch_sapling":6,"minecraft:rotten_flesh":8,"minecraft:oak_planks":261,"minecraft:cooked_mutton":4,"minecraft:filled_map":6,"minecraft:oak_button":4,"minecraft:oak_sapling":19,"minecraft:spider_eye":1,"minecraft:birch_button":6,"minecraft:stone_pickaxe":1,"minecraft:wooden_pickaxe":1},"minecraft:picked_up":{"minecraft:wooden_axe":1,"minecraft:iron_chestplate":3,"minecraft:crafting_table":7,"minecraft:chicken":5,"minecraft:golden_pickaxe":1,"minecraft:wooden_pickaxe":1,"minecraft:golden_shovel":1,"minecraft:enchanted_book":1,"minecraft:birch_button":10,"minecraft:shield":5,"minecraft:oak_trapdoor":1,"minecraft:string":1,"minecraft:iron_axe":2,"minecraft:iron_leggings":4,"minecraft:beef":9,"minecraft:iron_pickaxe":7,"minecraft:sugar_cane":1,"minecraft:birch_sapling":6,"minecraft:iron_boots":1,"minecraft:furnace":3,"minecraft:raw_iron":29,"minecraft:stick":561,"minecraft:torch":22,"minecraft:porkchop":1,"minecraft:carrot":2,"minecraft:arrow":25,"minecraft:stone_sword":8,"minecraft:rotten_flesh":10,"minecraft:golden_hoe":1,"minecraft:mutton":7,"minecraft:white_wool":10,"minecraft:cobblestone":126,"minecraft:stripped_oak_log":28,"minecraft:birch_log":147,"minecraft:pink_petals":39,"minecraft:cooked_beef":2,"minecraft:leather":8,"minecraft:potato":8,"minecraft:filled_map":8,"minecraft:flint":2,"minecraft:oak_log":955,"minecraft:yellow_bed":2,"minecraft:dirt":105,"minecraft:cooked_mutton":2,"minecraft:bone":3,"minecraft:apple":22,"minecraft:bow":2,"minecraft:wheat_seeds":26,"minecraft:stone_pickaxe":4,"minecraft:iron_ingot":4,"minecraft:cooked_chicken":4,"minecraft:oak_planks":12,"minecraft:dandelion":2,"minecraft:spider_eye":1,"minecraft:mossy_cobblestone":1,"minecraft:diamond":6,"minecraft:stone_axe":1,"minecraft:iron_helmet":3,"minecraft:diamond_axe":1,"minecraft:crossbow":1,"minecraft:gray_wool":3,"minecraft:golden_apple":8,"minecraft:chainmail_helmet":2,"minecraft:emerald":148,"minecraft:oak_button":4,"minecraft:oak_sapling":157,"minecraft:coal":324,"minecraft:diamond_pickaxe":1},"minecraft:killed":{"minecraft:spider":1,"minecraft:skeleton":2,"minecraft:creeper":1,"minecraft:sheep":5,"minecraft:zombie":7,"minecraft:cow":3},"minecraft:broken":{"minecraft:iron_axe":1,"minecraft:stone_axe":4,"minecraft:iron_sword":1},"minecraft:killed_by":{"minecraft:player":1,"minecraft:creeper":1,"minecraft:skeleton":1,"minecraft:zombie":3},"minecraft:crafted":{"minecraft:oak_planks":2680,"minecraft:cooked_chicken":6,"minecraft:furnace":1,"minecraft:cooked_mutton":7,"minecraft:oak_trapdoor":2,"minecraft:iron_boots":1,"minecraft:bow":2,"minecraft:iron_axe":1,"minecraft:stone_pickaxe":1,"minecraft:chest":1,"minecraft:oak_button":2,"minecraft:birch_button":6,"minecraft:cooked_beef":3,"minecraft:crossbow":1,"minecraft:emerald":178,"minecraft:cooked_porkchop":1,"minecraft:diamond_axe":1,"minecraft:map":1,"minecraft:crafting_table":1,"minecraft:wooden_pickaxe":1,"minecraft:iron_helmet":1,"minecraft:iron_sword":1,"minecraft:birch_planks":588,"minecraft:stone_axe":5,"minecraft:diamond_pickaxe":1,"minecraft:shield":1,"minecraft:stick":5924,"minecraft:iron_ingot":22,"minecraft:iron_pickaxe":2,"minecraft:wooden_axe":1,"minecraft:white_bed":1,"minecraft:torch":56}},"DataVersion":3953}