{"stats":{"minecraft:used":{"minecraft:nether_brick_fence":3,"minecraft:iron_shovel":675,"minecraft:chest":3,"minecraft:shield":40,"minecraft:iron_chestplate":2,"minecraft:mutton":5,"minecraft:nether_bricks":16,"minecraft:carrot":2,"minecraft:obsidian":1,"minecraft:lava_bucket":28,"minecraft:grass_block":3,"minecraft:blue_banner":2,"minecraft:bow":19,"minecraft:oak_sapling":4,"minecraft:furnace":11,"minecraft:potato":3,"minecraft:stone_pickaxe":172,"minecraft:oak_planks":57,"minecraft:wooden_pickaxe":20,"minecraft:sugar_cane":92,"minecraft:white_wool":3,"minecraft:golden_apple":1,"minecraft:sand":3,"minecraft:bread":33,"minecraft:lectern":15,"minecraft:gravel":440,"minecraft:diamond_sword":146,"minecraft:oak_boat":17,"minecraft:stone_sword":19,"minecraft:flint_and_steel":14,"minecraft:spruce_planks":6,"minecraft:cooked_chicken":6,"minecraft:netherrack":91,"minecraft:torch":45,"minecraft:brewing_stand":2,"minecraft:dirt":76,"minecraft:anvil":1,"minecraft:granite":14,"minecraft:dark_oak_planks":9,"minecraft:iron_axe":614,"minecraft:light_gray_wool":1,"minecraft:soul_soil":13,"minecraft:cooked_beef":30,"minecraft:cobbled_deepslate":42,"minecraft:wheat_seeds":12,"minecraft:cooked_mutton":12,"minecraft:water_bucket":123,"minecraft:cartography_table":6,"minecraft:cherry_planks":5,"minecraft:fletching_table":6,"minecraft:crafting_table":29,"minecraft:white_bed":6,"minecraft:oak_log":2,"minecraft:diamond_pickaxe":232,"minecraft:apple":3,"minecraft:iron_pickaxe":386,"minecraft:map":1,"minecraft:stone_axe":113,"minecraft:cobblestone":243,"minecraft:cooked_porkchop":14,"minecraft:bucket":152,"minecraft:yellow_bed":3},"minecraft:mined":{"minecraft:dark_oak_planks":1,"minecraft:white_bed":5,"minecraft:oak_sapling":1,"minecraft:cherry_log":11,"minecraft:brewing_stand":3,"minecraft:obsidian":1,"minecraft:granite":14,"minecraft:grass_block":51,"minecraft:soul_soil":32,"minecraft:composter":1,"minecraft:cobbled_deepslate":2,"minecraft:iron_ore":80,"minecraft:fire":15,"minecraft:fletching_table":4,"minecraft:deepslate_lapis_ore":4,"minecraft:dirt_path":3,"minecraft:deepslate_redstone_ore":9,"minecraft:soul_fire":5,"minecraft:powder_snow":9,"minecraft:torch":19,"minecraft:cobblestone":13,"minecraft:oak_planks":9,"minecraft:sugar_cane":336,"minecraft:wall_torch":4,"minecraft:pink_petals":1,"minecraft:seagrass":1,"minecraft:birch_log":2,"minecraft:wheat":17,"minecraft:oak_log":370,"minecraft:beetroots":3,"minecraft:sand":203,"minecraft:dirt":39,"minecraft:netherrack":106,"minecraft:oak_leaves":64,"minecraft:deepslate":41,"minecraft:nether_gold_ore":33,"minecraft:mossy_cobblestone":2,"minecraft:deepslate_diamond_ore":11,"minecraft:dark_oak_log":3,"minecraft:nether_bricks":22,"minecraft:cartography_table":4,"minecraft:large_fern":1,"minecraft:hay_block":10,"minecraft:redstone_ore":6,"minecraft:furnace":8,"minecraft:carrots":3,"minecraft:andesite":11,"minecraft:gold_block":1,"minecraft:nether_brick_fence":19,"minecraft:bookshelf":4,"minecraft:potatoes":5,"minecraft:deepslate_iron_ore":68,"minecraft:stone":248,"minecraft:cherry_planks":3,"minecraft:soul_sand":1,"minecraft:basalt":1,"minecraft:crafting_table":21,"minecraft:short_grass":71,"minecraft:lectern":14,"minecraft:copper_ore":4,"minecraft:tall_grass":34,"minecraft:deepslate_gold_ore":18,"minecraft:diorite":6,"minecraft:spruce_log":2,"minecraft:birch_leaves":1,"minecraft:yellow_bed":4,"minecraft:coal_ore":61,"minecraft:gravel":451},"minecraft:custom":{"minecraft:interact_with_crafting_table":101,"minecraft:leave_game":5,"minecraft:time_since_death":135914,"minecraft:sprint_one_cm":977845,"minecraft:damage_blocked_by_shield":3178,"minecraft:drop":199,"minecraft:talked_to_villager":184,"minecraft:play_time":306947,"minecraft:deaths":3,"minecraft:jump":8963,"minecraft:walk_on_water_one_cm":24133,"minecraft:interact_with_furnace":216,"minecraft:traded_with_villager":144,"minecraft:sleep_in_bed":24,"minecraft:damage_dealt":29400,"minecraft:player_kills":1,"minecraft:crouch_one_cm":16063,"minecraft:interact_with_anvil":2,"minecraft:mob_kills":197,"minecraft:climb_one_cm":2203,"minecraft:walk_one_cm":513550,"minecraft:sneak_time":8764,"minecraft:walk_under_water_one_cm":14882,"minecraft:boat_one_cm":363900,"minecraft:total_world_time":306947,"minecraft:time_since_rest":54079,"minecraft:damage_absorbed":40,"minecraft:damage_taken":5885,"minecraft:swim_one_cm":44506,"minecraft:fly_one_cm":1887105,"minecraft:open_chest":58,"minecraft:fall_one_cm":291286},"minecraft:dropped":{"minecraft:porkchop":3,"minecraft:birch_planks":1,"minecraft:diamond_axe":2,"minecraft:cooked_beef":7,"minecraft:oak_log":123,"minecraft:ender_pearl":10,"minecraft:diamond":6,"minecraft:crafting_table":1,"minecraft:cooked_porkchop":3,"minecraft:crossbow":1,"minecraft:flint":9,"minecraft:emerald":45,"minecraft:dirt":47,"minecraft:mutton":6,"minecraft:gold_nugget":57,"minecraft:sand":8,"minecraft:iron_pickaxe":4,"minecraft:white_wool":2,"minecraft:gold_ingot":2,"minecraft:gravel":1,"minecraft:stone_axe":3,"minecraft:cooked_chicken":3,"minecraft:cobbled_deepslate":2,"minecraft:birch_sapling":1,"minecraft:wheat":4,"minecraft:beetroot":3,"minecraft:rotten_flesh":13,"minecraft:oak_planks":16,"minecraft:cooked_mutton":3,"minecraft:carrot":4,"minecraft:leather_boots":2,"minecraft:leather_leggings":2,"minecraft:basalt":7,"minecraft:arrow":6,"minecraft:beef":2,"minecraft:netherrack":69,"minecraft:egg":1,"minecraft:enchanted_book":1,"minecraft:iron_ingot":3,"minecraft:wheat_seeds":88,"minecraft:cherry_log":10,"minecraft:mossy_cobblestone":1,"minecraft:iron_helmet":1,"minecraft:cobblestone":14,"minecraft:coal":47,"minecraft:chainmail_helmet":1,"minecraft:grass_block":3,"minecraft:golden_apple":7,"minecraft:stick":529,"minecraft:diorite":22,"minecraft:torch":15,"minecraft:cherry_planks":2,"minecraft:iron_leggings":2,"minecraft:iron_shovel":1,"minecraft:paper":1,"minecraft:string":2,"minecraft:pink_petals":5,"minecraft:dandelion":1,"minecraft:redstone":11,"minecraft:blaze_rod":16,"minecraft:stone_sword":4,"minecraft:raw_copper":14,"minecraft:composter":1,"minecraft:chicken":11,"minecraft:iron_boots":1,"minecraft:nether_bricks":5,"minecraft:filled_map":10,"minecraft:potato":4,"minecraft:shield":3,"minecraft:spruce_planks":2,"minecraft:diamond_pickaxe":1,"minecraft:iron_chestplate":2,"minecraft:andesite":11,"minecraft:oak_boat":2,"minecraft:oak_sapling":19,"minecraft:spider_eye":8,"minecraft:bow":1,"minecraft:stone_pickaxe":8,"minecraft:wooden_pickaxe":2,"minecraft:magma_cream":3},"minecraft:picked_up":{"minecraft:iron_chestplate":3,"minecraft:wheat":13,"minecraft:nether_brick_fence":16,"minecraft:lead":2,"minecraft:brewing_stand":2,"minecraft:string":20,"minecraft:soul_soil":32,"minecraft:raw_copper":14,"minecraft:iron_leggings":3,"minecraft:beetroot":3,"minecraft:gold_nugget":245,"minecraft:cobbled_deepslate":85,"minecraft:bucket":2,"minecraft:spruce_planks":8,"minecraft:iron_pickaxe":4,"minecraft:iron_boots":1,"minecraft:furnace":8,"minecraft:stick":172,"minecraft:composter":1,"minecraft:torch":43,"minecraft:porkchop":9,"minecraft:cherry_log":21,"minecraft:diorite":22,"minecraft:stone_sword":3,"minecraft:rotten_flesh":85,"minecraft:blaze_rod":35,"minecraft:obsidian":1,"minecraft:cobblestone":315,"minecraft:birch_log":2,"minecraft:pink_petals":9,"minecraft:feather":85,"minecraft:cooked_beef":8,"minecraft:magma_cream":3,"minecraft:cherry_planks":4,"minecraft:andesite":16,"minecraft:potato":11,"minecraft:flint":45,"minecraft:wither_skeleton_skull":1,"minecraft:dirt":123,"minecraft:lapis_lazuli":56,"minecraft:leather_boots":3,"minecraft:glass":4,"minecraft:bone":31,"minecraft:bow":1,"minecraft:wheat_seeds":128,"minecraft:raw_gold":36,"minecraft:fletching_table":4,"minecraft:oak_planks":298,"minecraft:cooked_porkchop":11,"minecraft:sand":203,"minecraft:grass_block":6,"minecraft:dark_oak_log":3,"minecraft:mossy_cobblestone":1,"minecraft:diamond":19,"minecraft:crossbow":1,"minecraft:granite":14,"minecraft:golden_apple":5,"minecraft:chainmail_helmet":1,"minecraft:bread":11,"minecraft:emerald":138,"minecraft:oak_sapling":38,"minecraft:netherrack":160,"minecraft:diamond_pickaxe":2,"minecraft:crafting_table":21,"minecraft:chicken":44,"minecraft:leather_leggings":2,"minecraft:gold_block":1,"minecraft:shield":3,"minecraft:cornflower":1,"minecraft:iron_axe":1,"minecraft:flint_and_steel":2,"minecraft:iron_shovel":1,"minecraft:cartography_table":4,"minecraft:beef":63,"minecraft:oak_boat":16,"minecraft:light_gray_wool":1,"minecraft:lectern":14,"minecraft:sugar_cane":488,"minecraft:birch_sapling":1,"minecraft:egg":2,"minecraft:raw_iron":235,"minecraft:carrot":12,"minecraft:redstone":144,"minecraft:dark_oak_planks":6,"minecraft:arrow":40,"minecraft:beetroot_seeds":20,"minecraft:nether_bricks":21,"minecraft:hay_block":10,"minecraft:gold_ingot":11,"minecraft:mutton":11,"minecraft:white_wool":8,"minecraft:basalt":7,"minecraft:leather":43,"minecraft:filled_map":8,"minecraft:oak_log":493,"minecraft:yellow_bed":3,"minecraft:gunpowder":33,"minecraft:paper":1,"minecraft:cooked_mutton":15,"minecraft:apple":11,"minecraft:iron_ingot":14,"minecraft:stone_pickaxe":6,"minecraft:book":32,"minecraft:dandelion":1,"minecraft:gravel":474,"minecraft:white_bed":7,"minecraft:spruce_log":2,"minecraft:spider_eye":9,"minecraft:leather_helmet":1,"minecraft:stone_axe":2,"minecraft:iron_helmet":1,"minecraft:diamond_axe":2,"minecraft:coal":198,"minecraft:ender_pearl":29},"minecraft:killed":{"minecraft:witch":1,"minecraft:spider":8,"minecraft:skeleton":16,"minecraft:chicken":29,"minecraft:magma_cube":9,"minecraft:pig":7,"minecraft:iron_golem":1,"minecraft:creeper":13,"minecraft:sheep":9,"minecraft:trader_llama":2,"minecraft:zombie":44,"minecraft:blaze":17,"minecraft:cow":18,"minecraft:horse":1,"minecraft:drowned":1,"minecraft:wandering_trader":1,"minecraft:wither_skeleton":4,"minecraft:enderman":7},"minecraft:broken":{"minecraft:iron_shovel":2,"minecraft:shield":1,"minecraft:iron_axe":3,"minecraft:iron_pickaxe":1},"minecraft:killed_by":{"minecraft:wither_skeleton":2},"minecraft:crafted":{"minecraft:oak_planks":1472,"minecraft:cooked_chicken":18,"minecraft:bookshelf":1,"minecraft:glass":192,"minecraft:iron_boots":1,"minecraft:bow":1,"minecraft:chest":3,"minecraft:oak_slab":6,"minecraft:emerald":137,"minecraft:arrow":120,"minecraft:cooked_porkchop":6,"minecraft:map":1,"minecraft:crafting_table":10,"minecraft:spruce_planks":8,"minecraft:wooden_pickaxe":2,"minecraft:iron_helmet":1,"minecraft:fletching_table":2,"minecraft:birch_planks":8,"minecraft:cartography_table":2,"minecraft:lectern":1,"minecraft:iron_chestplate":2,"minecraft:book":1,"minecraft:paper":294,"minecraft:diamond_pickaxe":1,"minecraft:shield":2,"minecraft:stick":3192,"minecraft:iron_ingot":138,"minecraft:compass":1,"minecraft:iron_pickaxe":2,"minecraft:iron_block":3,"minecraft:stone_sword":1,"minecraft:gold_ingot":34,"minecraft:cherry_planks":44,"minecraft:leather_boots":1,"minecraft:furnace":3,"minecraft:glass_pane":496,"minecraft:flint_and_steel":1,"minecraft:iron_axe":4,"minecraft:blue_banner":2,"minecraft:stone_pickaxe":3,"minecraft:filled_map":1,"minecraft:dark_oak_planks":12,"minecraft:wheat":90,"minecraft:cooked_beef":34,"minecraft:diamond_sword":1,"minecraft:leather_helmet":1,"minecraft:bucket":1,"minecraft:stone_axe":2,"minecraft:enchanted_book":2,"minecraft:bread":33,"minecraft:air":0,"minecraft:oak_boat":4,"minecraft:golden_apple":4,"minecraft:iron_shovel":4,"minecraft:iron_leggings":2,"minecraft:anvil":1,"minecraft:white_bed":1,"minecraft:torch":28}},"DataVersion":3953}