{"stats":{"minecraft:mined":{"minecraft:white_bed":4,"minecraft:deepslate_diamond_ore":2,"minecraft:brewing_stand":1,"minecraft:granite":15,"minecraft:grass_block":11,"minecraft:spruce_leaves":4,"minecraft:hay_block":32,"minecraft:furnace":15,"minecraft:iron_ore":77,"minecraft:andesite":3,"minecraft:deepslate_lapis_ore":2,"minecraft:pointed_dripstone":3,"minecraft:deepslate_iron_ore":12,"minecraft:oak_stairs":1,"minecraft:stripped_oak_log":3,"minecraft:stone":174,"minecraft:white_wool":3,"minecraft:acacia_leaves":2,"minecraft:crafting_table":14,"minecraft:torch":6,"minecraft:short_grass":40,"minecraft:lectern":1,"minecraft:cobblestone":6,"minecraft:lapis_ore":2,"minecraft:deepslate_gold_ore":2,"minecraft:oak_planks":17,"minecraft:diorite":11,"minecraft:dark_oak_slab":1,"minecraft:birch_log":13,"minecraft:spruce_log":9,"minecraft:oak_log":100,"minecraft:coal_ore":71,"minecraft:gravel":148,"minecraft:dirt":20,"minecraft:smooth_basalt":1,"minecraft:oak_leaves":29,"minecraft:deepslate":7,"minecraft:fern":13},"minecraft:picked_up":{"minecraft:iron_chestplate":1,"minecraft:crafting_table":14,"minecraft:chicken":11,"minecraft:oak_stairs":1,"minecraft:brewing_stand":1,"minecraft:shield":2,"minecraft:oak_trapdoor":1,"minecraft:iron_axe":1,"minecraft:string":5,"minecraft:iron_leggings":1,"minecraft:iron_shovel":1,"minecraft:cobbled_deepslate":7,"minecraft:spruce_planks":3,"minecraft:beef":27,"minecraft:poppy":2,"minecraft:iron_pickaxe":1,"minecraft:lectern":1,"minecraft:iron_boots":3,"minecraft:egg":3,"minecraft:furnace":19,"minecraft:stick":20,"minecraft:raw_iron":127,"minecraft:torch":10,"minecraft:porkchop":19,"minecraft:pointed_dripstone":3,"minecraft:diorite":11,"minecraft:redstone":10,"minecraft:arrow":67,"minecraft:rotten_flesh":18,"minecraft:hay_block":27,"minecraft:gold_ingot":1,"minecraft:mutton":10,"minecraft:cobblestone":192,"minecraft:cod":1,"minecraft:white_wool":17,"minecraft:stripped_oak_log":3,"minecraft:birch_log":13,"minecraft:feather":13,"minecraft:cooked_beef":1,"minecraft:andesite":3,"minecraft:salmon":2,"minecraft:leather":20,"minecraft:flint":15,"minecraft:oak_log":100,"minecraft:lapis_lazuli":50,"minecraft:dirt":44,"minecraft:white_banner":4,"minecraft:cooked_mutton":5,"minecraft:bone":10,"minecraft:bow":1,"minecraft:wheat_seeds":7,"minecraft:raw_gold":3,"minecraft:iron_ingot":29,"minecraft:cooked_chicken":2,"minecraft:glass_bottle":2,"minecraft:oak_planks":29,"minecraft:smooth_basalt":1,"minecraft:dark_oak_slab":1,"minecraft:cooked_porkchop":3,"minecraft:gravel":150,"minecraft:spruce_sapling":2,"minecraft:ink_sac":1,"minecraft:white_bed":3,"minecraft:spruce_log":8,"minecraft:spider_eye":3,"minecraft:diamond":2,"minecraft:spruce_boat":1,"minecraft:iron_helmet":1,"minecraft:granite":15,"minecraft:bone_meal":1,"minecraft:bread":69,"minecraft:emerald":46,"minecraft:oak_sapling":4,"minecraft:coal":200,"minecraft:black_wool":1},"minecraft:custom":{"minecraft:mob_kills":97,"minecraft:interact_with_crafting_table":45,"minecraft:bell_ring":18,"minecraft:time_since_death":11713,"minecraft:climb_one_cm":659,"minecraft:sprint_one_cm":397816,"minecraft:walk_one_cm":233278,"minecraft:damage_blocked_by_shield":1395,"minecraft:drop":53,"minecraft:talked_to_villager":65,"minecraft:play_time":124526,"minecraft:deaths":1,"minecraft:sneak_time":4197,"minecraft:walk_under_water_one_cm":10189,"minecraft:boat_one_cm":72537,"minecraft:jump":3911,"minecraft:walk_on_water_one_cm":21941,"minecraft:total_world_time":124526,"minecraft:interact_with_furnace":106,"minecraft:traded_with_villager":19,"minecraft:sleep_in_bed":9,"minecraft:time_since_rest":4880,"minecraft:damage_taken":3042,"minecraft:damage_dealt":12906,"minecraft:swim_one_cm":45111,"minecraft:fly_one_cm":717002,"minecraft:open_chest":9,"minecraft:crouch_one_cm":9350,"minecraft:fall_one_cm":122459},"minecraft:killed_by":{"minecraft:vindicator":1},"minecraft:killed":{"minecraft:witch":1,"minecraft:vindicator":4,"minecraft:spider":2,"minecraft:skeleton":6,"minecraft:chicken":11,"minecraft:pig":8,"minecraft:salmon":2,"minecraft:ravager":1,"minecraft:creeper":1,"minecraft:polar_bear":1,"minecraft:sheep":7,"minecraft:pillager":19,"minecraft:zombie":17,"minecraft:cow":13},"minecraft:used":{"minecraft:oak_trapdoor":1,"minecraft:iron_shovel":146,"minecraft:poppy":2,"minecraft:spruce_planks":12,"minecraft:shield":26,"minecraft:cooked_salmon":2,"minecraft:cooked_chicken":5,"minecraft:rotten_flesh":7,"minecraft:torch":6,"minecraft:brewing_stand":1,"minecraft:dirt":43,"minecraft:granite":15,"minecraft:spruce_boat":2,"minecraft:dark_oak_planks":12,"minecraft:lava_bucket":22,"minecraft:iron_axe":288,"minecraft:oak_stairs":1,"minecraft:dark_oak_slab":1,"minecraft:smooth_basalt":1,"minecraft:bow":54,"minecraft:furnace":15,"minecraft:goat_horn":1,"minecraft:cooked_cod":1,"minecraft:egg":3,"minecraft:cooked_beef":10,"minecraft:cobbled_deepslate":7,"minecraft:pointed_dripstone":1,"minecraft:diorite":11,"minecraft:stone_pickaxe":141,"minecraft:oak_planks":127,"minecraft:wooden_pickaxe":18,"minecraft:fletching_table":1,"minecraft:crafting_table":16,"minecraft:white_bed":4,"minecraft:black_wool":1,"minecraft:bread":26,"minecraft:iron_pickaxe":257,"minecraft:spruce_sapling":2,"minecraft:gravel":150,"minecraft:stone_axe":49,"minecraft:cobblestone":131,"minecraft:cooked_porkchop":7,"minecraft:porkchop":6,"minecraft:bucket":23,"minecraft:andesite":1,"minecraft:bone_meal":1},"minecraft:broken":{"minecraft:stone_pickaxe":1},"minecraft:crafted":{"minecraft:oak_planks":410,"minecraft:cooked_chicken":9,"minecraft:furnace":4,"minecraft:oak_trapdoor":2,"minecraft:bow":1,"minecraft:iron_boots":2,"minecraft:iron_axe":2,"minecraft:stone_pickaxe":2,"minecraft:spruce_boat":1,"minecraft:dark_oak_planks":12,"minecraft:wheat":243,"minecraft:cooked_beef":9,"minecraft:cooked_cod":1,"minecraft:emerald":19,"minecraft:arrow":52,"minecraft:cooked_porkchop":9,"minecraft:crafting_table":2,"minecraft:spruce_planks":32,"minecraft:wooden_pickaxe":2,"minecraft:iron_helmet":2,"minecraft:cooked_salmon":2,"minecraft:fletching_table":1,"minecraft:bucket":1,"minecraft:birch_planks":52,"minecraft:stone_axe":1,"minecraft:bread":82,"minecraft:air":0,"minecraft:iron_chestplate":2,"minecraft:shield":2,"minecraft:stick":664,"minecraft:iron_ingot":73,"minecraft:iron_pickaxe":2,"minecraft:iron_leggings":2,"minecraft:iron_shovel":1,"minecraft:gold_ingot":1,"minecraft:white_bed":1,"minecraft:torch":4},"minecraft:dropped":{"minecraft:iron_ingot":22,"minecraft:porkchop":4,"minecraft:wheat_seeds":7,"minecraft:diamond":2,"minecraft:cooked_porkchop":5,"minecraft:iron_helmet":1,"minecraft:cobblestone":8,"minecraft:emerald":21,"minecraft:dirt":1,"minecraft:ink_sac":1,"minecraft:iron_leggings":1,"minecraft:iron_axe":1,"minecraft:iron_pickaxe":1,"minecraft:redstone":10,"minecraft:stone_axe":1,"minecraft:goat_horn":1,"minecraft:cooked_chicken":6,"minecraft:pointed_dripstone":2,"minecraft:rotten_flesh":11,"minecraft:oak_planks":1,"minecraft:iron_boots":3,"minecraft:cooked_mutton":5,"minecraft:white_bed":1,"minecraft:shield":2,"minecraft:iron_chestplate":1,"minecraft:andesite":2,"minecraft:oak_sapling":4,"minecraft:spider_eye":3,"minecraft:wooden_pickaxe":2,"minecraft:stone_pickaxe":1}},"DataVersion":3953}