{"stats":{"minecraft:used":{"minecraft:nether_brick_fence":3,"minecraft:iron_shovel":651,"minecraft:flint_and_steel":1,"minecraft:chest":1,"minecraft:spruce_planks":6,"minecraft:shield":40,"minecraft:cooked_chicken":6,"minecraft:netherrack":47,"minecraft:iron_chestplate":1,"minecraft:torch":40,"minecraft:brewing_stand":2,"minecraft:dirt":65,"minecraft:anvil":1,"minecraft:nether_bricks":16,"minecraft:carrot":2,"minecraft:granite":14,"minecraft:dark_oak_planks":9,"minecraft:lava_bucket":11,"minecraft:grass_block":3,"minecraft:iron_axe":607,"minecraft:soul_soil":1,"minecraft:furnace":11,"minecraft:oak_sapling":4,"minecraft:cooked_beef":28,"minecraft:potato":3,"minecraft:cobbled_deepslate":23,"minecraft:wheat_seeds":12,"minecraft:cooked_mutton":1,"minecraft:water_bucket":82,"minecraft:stone_pickaxe":172,"minecraft:cartography_table":6,"minecraft:oak_planks":52,"minecraft:cherry_planks":5,"minecraft:wooden_pickaxe":20,"minecraft:fletching_table":6,"minecraft:sugar_cane":90,"minecraft:sand":3,"minecraft:crafting_table":27,"minecraft:white_bed":4,"minecraft:oak_log":2,"minecraft:diamond_pickaxe":140,"minecraft:apple":3,"minecraft:bread":33,"minecraft:iron_pickaxe":386,"minecraft:lectern":15,"minecraft:gravel":440,"minecraft:stone_axe":113,"minecraft:diamond_sword":108,"minecraft:cobblestone":207,"minecraft:cooked_porkchop":6,"minecraft:bucket":94,"minecraft:yellow_bed":3,"minecraft:oak_boat":15},"minecraft:mined":{"minecraft:dark_oak_planks":1,"minecraft:nether_gold_ore":17,"minecraft:white_bed":4,"minecraft:mossy_cobblestone":2,"minecraft:deepslate_diamond_ore":11,"minecraft:cherry_log":11,"minecraft:dark_oak_log":3,"minecraft:brewing_stand":3,"minecraft:nether_bricks":22,"minecraft:granite":14,"minecraft:grass_block":48,"minecraft:soul_soil":1,"minecraft:cartography_table":4,"minecraft:composter":1,"minecraft:large_fern":1,"minecraft:hay_block":10,"minecraft:redstone_ore":6,"minecraft:furnace":8,"minecraft:carrots":3,"minecraft:iron_ore":70,"minecraft:fire":6,"minecraft:andesite":11,"minecraft:deepslate_lapis_ore":4,"minecraft:fletching_table":4,"minecraft:gold_block":1,"minecraft:nether_brick_fence":19,"minecraft:dirt_path":3,"minecraft:bookshelf":4,"minecraft:potatoes":5,"minecraft:deepslate_iron_ore":68,"minecraft:stone":240,"minecraft:deepslate_redstone_ore":9,"minecraft:cherry_planks":3,"minecraft:crafting_table":21,"minecraft:torch":19,"minecraft:short_grass":67,"minecraft:lectern":14,"minecraft:tall_grass":30,"minecraft:copper_ore":4,"minecraft:cobblestone":12,"minecraft:deepslate_gold_ore":18,"minecraft:sugar_cane":276,"minecraft:oak_planks":9,"minecraft:diorite":6,"minecraft:wall_torch":4,"minecraft:seagrass":1,"minecraft:birch_log":2,"minecraft:wheat":17,"minecraft:spruce_log":2,"minecraft:birch_leaves":1,"minecraft:yellow_bed":4,"minecraft:coal_ore":61,"minecraft:oak_log":365,"minecraft:beetroots":3,"minecraft:gravel":451,"minecraft:sand":203,"minecraft:dirt":39,"minecraft:netherrack":54,"minecraft:oak_leaves":64,"minecraft:deepslate":41},"minecraft:custom":{"minecraft:mob_kills":162,"minecraft:interact_with_anvil":2,"minecraft:interact_with_crafting_table":83,"minecraft:leave_game":4,"minecraft:time_since_death":67582,"minecraft:climb_one_cm":2203,"minecraft:sprint_one_cm":780092,"minecraft:walk_one_cm":395471,"minecraft:damage_blocked_by_shield":3178,"minecraft:drop":127,"minecraft:talked_to_villager":152,"minecraft:play_time":238615,"minecraft:deaths":3,"minecraft:sneak_time":7080,"minecraft:walk_under_water_one_cm":7242,"minecraft:boat_one_cm":330788,"minecraft:jump":6927,"minecraft:walk_on_water_one_cm":18269,"minecraft:total_world_time":238615,"minecraft:interact_with_furnace":139,"minecraft:traded_with_villager":110,"minecraft:sleep_in_bed":20,"minecraft:time_since_rest":13834,"minecraft:damage_taken":4278,"minecraft:damage_dealt":26148,"minecraft:swim_one_cm":40545,"minecraft:fly_one_cm":1496656,"minecraft:player_kills":1,"minecraft:open_chest":34,"minecraft:crouch_one_cm":11372,"minecraft:fall_one_cm":220390},"minecraft:dropped":{"minecraft:enchanted_book":1,"minecraft:iron_ingot":1,"minecraft:birch_planks":1,"minecraft:porkchop":3,"minecraft:wheat_seeds":88,"minecraft:cooked_beef":7,"minecraft:oak_log":1,"minecraft:diamond":6,"minecraft:crafting_table":1,"minecraft:ender_pearl":10,"minecraft:mossy_cobblestone":1,"minecraft:cobblestone":2,"minecraft:grass_block":1,"minecraft:chainmail_helmet":1,"minecraft:golden_apple":1,"minecraft:emerald":45,"minecraft:flint":9,"minecraft:stick":401,"minecraft:dirt":45,"minecraft:diorite":18,"minecraft:mutton":6,"minecraft:cherry_planks":2,"minecraft:iron_leggings":1,"minecraft:gold_nugget":57,"minecraft:sand":8,"minecraft:iron_pickaxe":1,"minecraft:iron_shovel":1,"minecraft:paper":1,"minecraft:dandelion":1,"minecraft:redstone":6,"minecraft:gravel":1,"minecraft:stone_axe":3,"minecraft:cooked_chicken":3,"minecraft:stone_sword":2,"minecraft:blaze_rod":16,"minecraft:raw_copper":14,"minecraft:wheat":4,"minecraft:composter":1,"minecraft:birch_sapling":1,"minecraft:beetroot":3,"minecraft:chicken":11,"minecraft:rotten_flesh":10,"minecraft:oak_planks":16,"minecraft:nether_bricks":5,"minecraft:carrot":4,"minecraft:potato":4,"minecraft:shield":1,"minecraft:leather_boots":2,"minecraft:spruce_planks":2,"minecraft:andesite":11,"minecraft:iron_chestplate":1,"minecraft:oak_sapling":19,"minecraft:leather_leggings":2,"minecraft:spider_eye":5,"minecraft:arrow":6,"minecraft:stone_pickaxe":8,"minecraft:beef":2,"minecraft:wooden_pickaxe":2,"minecraft:netherrack":5,"minecraft:egg":1},"minecraft:picked_up":{"minecraft:crafting_table":21,"minecraft:iron_chestplate":2,"minecraft:wheat":13,"minecraft:leather_leggings":2,"minecraft:chicken":44,"minecraft:nether_brick_fence":16,"minecraft:lead":2,"minecraft:gold_block":1,"minecraft:brewing_stand":2,"minecraft:shield":1,"minecraft:cornflower":1,"minecraft:string":18,"minecraft:raw_copper":14,"minecraft:soul_soil":1,"minecraft:iron_axe":1,"minecraft:flint_and_steel":2,"minecraft:iron_leggings":2,"minecraft:iron_shovel":1,"minecraft:beetroot":3,"minecraft:cartography_table":4,"minecraft:gold_nugget":177,"minecraft:cobbled_deepslate":82,"minecraft:bucket":2,"minecraft:spruce_planks":8,"minecraft:beef":50,"minecraft:oak_boat":14,"minecraft:iron_pickaxe":1,"minecraft:lectern":14,"minecraft:sugar_cane":429,"minecraft:birch_sapling":1,"minecraft:furnace":8,"minecraft:egg":2,"minecraft:stick":44,"minecraft:raw_iron":226,"minecraft:composter":1,"minecraft:torch":28,"minecraft:porkchop":9,"minecraft:cherry_log":11,"minecraft:diorite":18,"minecraft:carrot":12,"minecraft:redstone":134,"minecraft:dark_oak_planks":6,"minecraft:stone_sword":1,"minecraft:arrow":30,"minecraft:rotten_flesh":70,"minecraft:beetroot_seeds":20,"minecraft:nether_bricks":21,"minecraft:hay_block":10,"minecraft:gold_ingot":9,"minecraft:blaze_rod":35,"minecraft:mutton":6,"minecraft:white_wool":3,"minecraft:cobblestone":306,"minecraft:birch_log":2,"minecraft:feather":85,"minecraft:cooked_beef":8,"minecraft:cherry_planks":4,"minecraft:andesite":16,"minecraft:leather":32,"minecraft:potato":11,"minecraft:flint":45,"minecraft:oak_log":365,"minecraft:yellow_bed":3,"minecraft:gunpowder":33,"minecraft:wither_skeleton_skull":1,"minecraft:paper":1,"minecraft:lapis_lazuli":56,"minecraft:dirt":111,"minecraft:cooked_mutton":4,"minecraft:leather_boots":3,"minecraft:glass":4,"minecraft:bone":24,"minecraft:apple":11,"minecraft:wheat_seeds":128,"minecraft:raw_gold":36,"minecraft:stone_pickaxe":6,"minecraft:iron_ingot":11,"minecraft:fletching_table":4,"minecraft:oak_planks":295,"minecraft:book":32,"minecraft:dandelion":1,"minecraft:gravel":474,"minecraft:sand":203,"minecraft:grass_block":4,"minecraft:white_bed":6,"minecraft:spruce_log":2,"minecraft:leather_helmet":1,"minecraft:dark_oak_log":3,"minecraft:spider_eye":5,"minecraft:mossy_cobblestone":1,"minecraft:diamond":19,"minecraft:stone_axe":2,"minecraft:granite":14,"minecraft:golden_apple":1,"minecraft:bread":11,"minecraft:emerald":104,"minecraft:chainmail_helmet":1,"minecraft:oak_sapling":38,"minecraft:netherrack":52,"minecraft:coal":151,"minecraft:ender_pearl":28,"minecraft:diamond_pickaxe":1},"minecraft:killed":{"minecraft:spider":7,"minecraft:horse":1,"minecraft:skeleton":13,"minecraft:chicken":29,"minecraft:drowned":1,"minecraft:magma_cube":6,"minecraft:pig":4,"minecraft:iron_golem":1,"minecraft:wandering_trader":1,"minecraft:creeper":13,"minecraft:sheep":3,"minecraft:trader_llama":2,"minecraft:zombie":37,"minecraft:wither_skeleton":4,"minecraft:blaze":17,"minecraft:enderman":7,"minecraft:cow":14},"minecraft:broken":{"minecraft:iron_shovel":2,"minecraft:shield":1,"minecraft:iron_axe":3,"minecraft:iron_pickaxe":1},"minecraft:killed_by":{"minecraft:wither_skeleton":2},"minecraft:crafted":{"minecraft:cherry_planks":44,"minecraft:oak_planks":1448,"minecraft:leather_boots":1,"minecraft:cooked_chicken":18,"minecraft:furnace":3,"minecraft:bookshelf":1,"minecraft:flint_and_steel":1,"minecraft:glass_pane":160,"minecraft:glass":64,"minecraft:iron_boots":1,"minecraft:iron_axe":4,"minecraft:stone_pickaxe":3,"minecraft:chest":1,"minecraft:filled_map":1,"minecraft:dark_oak_planks":12,"minecraft:wheat":90,"minecraft:cooked_beef":34,"minecraft:oak_slab":6,"minecraft:diamond_sword":1,"minecraft:arrow":120,"minecraft:emerald":107,"minecraft:cooked_porkchop":6,"minecraft:crafting_table":8,"minecraft:spruce_planks":8,"minecraft:wooden_pickaxe":2,"minecraft:iron_helmet":1,"minecraft:leather_helmet":1,"minecraft:fletching_table":2,"minecraft:birch_planks":8,"minecraft:bucket":1,"minecraft:stone_axe":2,"minecraft:enchanted_book":2,"minecraft:bread":33,"minecraft:air":0,"minecraft:cartography_table":2,"minecraft:oak_boat":2,"minecraft:lectern":1,"minecraft:golden_apple":2,"minecraft:book":1,"minecraft:iron_chestplate":2,"minecraft:paper":249,"minecraft:diamond_pickaxe":1,"minecraft:shield":2,"minecraft:stick":3192,"minecraft:iron_ingot":137,"minecraft:compass":1,"minecraft:iron_pickaxe":2,"minecraft:iron_block":3,"minecraft:stone_sword":1,"minecraft:gold_ingot":34,"minecraft:iron_shovel":4,"minecraft:iron_leggings":2,"minecraft:anvil":1,"minecraft:white_bed":1,"minecraft:torch":28}},"DataVersion":3953}