{"stats":{"minecraft:mined":{"minecraft:white_bed":4,"minecraft:deepslate_diamond_ore":2,"minecraft:granite":15,"minecraft:grass_block":9,"minecraft:spruce_leaves":4,"minecraft:hay_block":32,"minecraft:furnace":12,"minecraft:iron_ore":52,"minecraft:andesite":2,"minecraft:deepslate_lapis_ore":2,"minecraft:pointed_dripstone":3,"minecraft:deepslate_iron_ore":12,"minecraft:stone":155,"minecraft:white_wool":3,"minecraft:acacia_leaves":2,"minecraft:crafting_table":11,"minecraft:short_grass":36,"minecraft:cobblestone":6,"minecraft:deepslate_gold_ore":2,"minecraft:lapis_ore":2,"minecraft:diorite":11,"minecraft:dark_oak_slab":1,"minecraft:spruce_log":9,"minecraft:coal_ore":71,"minecraft:oak_log":15,"minecraft:dirt":16,"minecraft:smooth_basalt":1,"minecraft:oak_leaves":9,"minecraft:deepslate":7,"minecraft:fern":12},"minecraft:picked_up":{"minecraft:crafting_table":11,"minecraft:chicken":11,"minecraft:shield":1,"minecraft:string":2,"minecraft:cobbled_deepslate":7,"minecraft:spruce_planks":3,"minecraft:beef":27,"minecraft:egg":3,"minecraft:furnace":12,"minecraft:raw_iron":100,"minecraft:porkchop":19,"minecraft:pointed_dripstone":3,"minecraft:diorite":11,"minecraft:arrow":4,"minecraft:rotten_flesh":18,"minecraft:hay_block":27,"minecraft:mutton":10,"minecraft:cod":1,"minecraft:cobblestone":162,"minecraft:white_wool":10,"minecraft:feather":13,"minecraft:cooked_beef":1,"minecraft:salmon":2,"minecraft:andesite":2,"minecraft:leather":10,"minecraft:oak_log":15,"minecraft:lapis_lazuli":25,"minecraft:dirt":25,"minecraft:cooked_mutton":5,"minecraft:bone":1,"minecraft:wheat_seeds":6,"minecraft:raw_gold":3,"minecraft:iron_ingot":12,"minecraft:cooked_chicken":2,"minecraft:smooth_basalt":1,"minecraft:dark_oak_slab":1,"minecraft:cooked_porkchop":3,"minecraft:spruce_sapling":2,"minecraft:white_bed":3,"minecraft:spruce_log":8,"minecraft:diamond":2,"minecraft:spruce_boat":1,"minecraft:granite":15,"minecraft:bone_meal":1,"minecraft:coal":128,"minecraft:black_wool":1},"minecraft:custom":{"minecraft:mob_kills":70,"minecraft:interact_with_crafting_table":24,"minecraft:time_since_death":76688,"minecraft:climb_one_cm":643,"minecraft:sprint_one_cm":247831,"minecraft:walk_one_cm":120016,"minecraft:damage_blocked_by_shield":450,"minecraft:drop":33,"minecraft:talked_to_villager":1,"minecraft:play_time":76688,"minecraft:sneak_time":3038,"minecraft:walk_under_water_one_cm":5405,"minecraft:boat_one_cm":72537,"minecraft:jump":2468,"minecraft:walk_on_water_one_cm":12714,"minecraft:total_world_time":76688,"minecraft:interact_with_furnace":82,"minecraft:sleep_in_bed":4,"minecraft:time_since_rest":8950,"minecraft:damage_taken":1481,"minecraft:damage_dealt":8880,"minecraft:swim_one_cm":26512,"minecraft:fly_one_cm":461193,"minecraft:open_chest":4,"minecraft:crouch_one_cm":6950,"minecraft:fall_one_cm":74941},"minecraft:killed":{"minecraft:spider":2,"minecraft:skeleton":4,"minecraft:chicken":11,"minecraft:pig":8,"minecraft:salmon":2,"minecraft:polar_bear":1,"minecraft:sheep":7,"minecraft:pillager":7,"minecraft:zombie":14,"minecraft:cow":13},"minecraft:used":{"minecraft:spruce_planks":12,"minecraft:shield":10,"minecraft:cooked_salmon":2,"minecraft:cooked_chicken":4,"minecraft:rotten_flesh":7,"minecraft:dirt":17,"minecraft:granite":15,"minecraft:spruce_boat":2,"minecraft:dark_oak_planks":12,"minecraft:iron_axe":109,"minecraft:dark_oak_slab":1,"minecraft:smooth_basalt":1,"minecraft:furnace":11,"minecraft:goat_horn":1,"minecraft:cooked_cod":1,"minecraft:egg":3,"minecraft:cooked_beef":7,"minecraft:cobbled_deepslate":7,"minecraft:pointed_dripstone":1,"minecraft:diorite":11,"minecraft:stone_pickaxe":141,"minecraft:oak_planks":45,"minecraft:wooden_pickaxe":18,"minecraft:crafting_table":8,"minecraft:white_bed":4,"minecraft:black_wool":1,"minecraft:bread":1,"minecraft:iron_pickaxe":207,"minecraft:spruce_sapling":2,"minecraft:stone_axe":49,"minecraft:cobblestone":106,"minecraft:cooked_porkchop":7,"minecraft:porkchop":6,"minecraft:andesite":1,"minecraft:bone_meal":1},"minecraft:broken":{"minecraft:stone_pickaxe":1},"minecraft:crafted":{"minecraft:oak_planks":58,"minecraft:cooked_chicken":9,"minecraft:furnace":4,"minecraft:iron_boots":1,"minecraft:iron_axe":1,"minecraft:stone_pickaxe":2,"minecraft:spruce_boat":1,"minecraft:dark_oak_planks":12,"minecraft:cooked_beef":9,"minecraft:cooked_cod":1,"minecraft:cooked_porkchop":9,"minecraft:crafting_table":1,"minecraft:spruce_planks":32,"minecraft:wooden_pickaxe":2,"minecraft:iron_helmet":2,"minecraft:cooked_salmon":2,"minecraft:stone_axe":1,"minecraft:bread":1,"minecraft:air":0,"minecraft:iron_chestplate":2,"minecraft:shield":2,"minecraft:stick":16,"minecraft:iron_ingot":48,"minecraft:iron_pickaxe":1,"minecraft:gold_ingot":1,"minecraft:iron_leggings":2,"minecraft:white_bed":1},"minecraft:dropped":{"minecraft:iron_ingot":22,"minecraft:porkchop":4,"minecraft:wheat_seeds":6,"minecraft:diamond":2,"minecraft:cooked_porkchop":5,"minecraft:iron_helmet":1,"minecraft:cobblestone":6,"minecraft:iron_leggings":1,"minecraft:stone_axe":1,"minecraft:goat_horn":1,"minecraft:cooked_chicken":6,"minecraft:rotten_flesh":4,"minecraft:cooked_mutton":5,"minecraft:white_bed":1,"minecraft:shield":2,"minecraft:iron_chestplate":1,"minecraft:andesite":1,"minecraft:stone_pickaxe":1,"minecraft:wooden_pickaxe":2}},"DataVersion":3953}