{"stats":{"minecraft:mined":{"minecraft:white_bed":3,"minecraft:deepslate_diamond_ore":2,"minecraft:crafting_table":8,"minecraft:granite":15,"minecraft:short_grass":4,"minecraft:grass_block":4,"minecraft:cobblestone":3,"minecraft:spruce_leaves":4,"minecraft:lapis_ore":2,"minecraft:deepslate_gold_ore":2,"minecraft:diorite":11,"minecraft:furnace":9,"minecraft:iron_ore":50,"minecraft:spruce_log":9,"minecraft:andesite":2,"minecraft:deepslate_lapis_ore":2,"minecraft:oak_log":15,"minecraft:pointed_dripstone":3,"minecraft:coal_ore":34,"minecraft:deepslate_iron_ore":12,"minecraft:dirt":9,"minecraft:smooth_basalt":1,"minecraft:stone":137,"minecraft:oak_leaves":5,"minecraft:deepslate":7},"minecraft:picked_up":{"minecraft:crafting_table":8,"minecraft:feather":12,"minecraft:cooked_beef":1,"minecraft:chicken":10,"minecraft:andesite":2,"minecraft:salmon":2,"minecraft:leather":10,"minecraft:oak_log":15,"minecraft:shield":1,"minecraft:lapis_lazuli":25,"minecraft:dirt":13,"minecraft:cooked_mutton":5,"minecraft:wheat_seeds":1,"minecraft:cobbled_deepslate":7,"minecraft:raw_gold":3,"minecraft:spruce_planks":3,"minecraft:iron_ingot":12,"minecraft:beef":26,"minecraft:furnace":9,"minecraft:egg":3,"minecraft:raw_iron":98,"minecraft:smooth_basalt":1,"minecraft:cooked_porkchop":3,"minecraft:porkchop":19,"minecraft:spruce_sapling":2,"minecraft:pointed_dripstone":3,"minecraft:diorite":11,"minecraft:white_bed":2,"minecraft:spruce_log":8,"minecraft:arrow":2,"minecraft:rotten_flesh":7,"minecraft:diamond":2,"minecraft:spruce_boat":1,"minecraft:granite":15,"minecraft:bone_meal":1,"minecraft:mutton":10,"minecraft:black_wool":1,"minecraft:cod":1,"minecraft:coal":58,"minecraft:white_wool":7,"minecraft:cobblestone":142},"minecraft:custom":{"minecraft:interact_with_furnace":69,"minecraft:mob_kills":49,"minecraft:interact_with_crafting_table":22,"minecraft:time_since_death":52688,"minecraft:sleep_in_bed":3,"minecraft:time_since_rest":1298,"minecraft:sprint_one_cm":152132,"minecraft:damage_taken":837,"minecraft:walk_one_cm":82861,"minecraft:drop":24,"minecraft:damage_dealt":4813,"minecraft:swim_one_cm":22377,"minecraft:fly_one_cm":257904,"minecraft:play_time":52688,"minecraft:crouch_one_cm":5357,"minecraft:sneak_time":2407,"minecraft:walk_under_water_one_cm":4800,"minecraft:boat_one_cm":72537,"minecraft:jump":1504,"minecraft:walk_on_water_one_cm":9810,"minecraft:total_world_time":52688,"minecraft:fall_one_cm":43267},"minecraft:killed":{"minecraft:pig":8,"minecraft:salmon":2,"minecraft:spider":1,"minecraft:polar_bear":1,"minecraft:sheep":7,"minecraft:skeleton":1,"minecraft:zombie":6,"minecraft:chicken":10,"minecraft:cow":12},"minecraft:used":{"minecraft:diorite":11,"minecraft:stone_pickaxe":141,"minecraft:oak_planks":39,"minecraft:spruce_planks":6,"minecraft:wooden_pickaxe":18,"minecraft:cooked_salmon":2,"minecraft:rotten_flesh":7,"minecraft:dirt":13,"minecraft:crafting_table":6,"minecraft:white_bed":2,"minecraft:granite":15,"minecraft:spruce_boat":2,"minecraft:black_wool":1,"minecraft:iron_axe":58,"minecraft:iron_pickaxe":137,"minecraft:spruce_sapling":2,"minecraft:smooth_basalt":1,"minecraft:stone_axe":49,"minecraft:cobblestone":97,"minecraft:cooked_cod":1,"minecraft:porkchop":6,"minecraft:furnace":8,"minecraft:cooked_porkchop":5,"minecraft:andesite":1,"minecraft:egg":3,"minecraft:cooked_beef":3,"minecraft:bone_meal":1,"minecraft:cobbled_deepslate":6,"minecraft:pointed_dripstone":1},"minecraft:broken":{"minecraft:stone_pickaxe":1},"minecraft:dropped":{"minecraft:iron_ingot":22,"minecraft:stone_axe":1,"minecraft:porkchop":4,"minecraft:wheat_seeds":1,"minecraft:diamond":2,"minecraft:cooked_porkchop":1,"minecraft:iron_helmet":1,"minecraft:cobblestone":4,"minecraft:cooked_mutton":5,"minecraft:white_bed":1,"minecraft:shield":2,"minecraft:iron_chestplate":1,"minecraft:andesite":1,"minecraft:iron_leggings":1,"minecraft:wooden_pickaxe":2,"minecraft:stone_pickaxe":1},"minecraft:crafted":{"minecraft:cooked_beef":7,"minecraft:cooked_cod":1,"minecraft:oak_planks":58,"minecraft:cooked_porkchop":9,"minecraft:crafting_table":1,"minecraft:spruce_planks":32,"minecraft:wooden_pickaxe":2,"minecraft:iron_helmet":2,"minecraft:furnace":4,"minecraft:cooked_salmon":2,"minecraft:stone_axe":1,"minecraft:air":0,"minecraft:iron_boots":1,"minecraft:iron_chestplate":2,"minecraft:shield":2,"minecraft:iron_axe":1,"minecraft:stick":16,"minecraft:iron_ingot":48,"minecraft:iron_pickaxe":1,"minecraft:stone_pickaxe":2,"minecraft:iron_leggings":2,"minecraft:gold_ingot":1,"minecraft:white_bed":1,"minecraft:spruce_boat":1}},"DataVersion":3953}