{"stats":{"minecraft:mined":{"minecraft:acacia_leaves":2,"minecraft:white_bed":3,"minecraft:deepslate_diamond_ore":2,"minecraft:crafting_table":9,"minecraft:granite":15,"minecraft:short_grass":35,"minecraft:grass_block":5,"minecraft:cobblestone":4,"minecraft:spruce_leaves":4,"minecraft:lapis_ore":2,"minecraft:deepslate_gold_ore":2,"minecraft:diorite":11,"minecraft:dark_oak_slab":1,"minecraft:furnace":11,"minecraft:iron_ore":50,"minecraft:spruce_log":9,"minecraft:andesite":2,"minecraft:deepslate_lapis_ore":2,"minecraft:oak_log":15,"minecraft:pointed_dripstone":3,"minecraft:coal_ore":34,"minecraft:deepslate_iron_ore":12,"minecraft:dirt":12,"minecraft:smooth_basalt":1,"minecraft:fern":12,"minecraft:stone":142,"minecraft:white_wool":3,"minecraft:oak_leaves":9,"minecraft:deepslate":7},"minecraft:picked_up":{"minecraft:crafting_table":9,"minecraft:feather":13,"minecraft:cooked_beef":1,"minecraft:chicken":11,"minecraft:andesite":2,"minecraft:salmon":2,"minecraft:leather":10,"minecraft:oak_log":15,"minecraft:shield":1,"minecraft:lapis_lazuli":25,"minecraft:dirt":17,"minecraft:cooked_mutton":5,"minecraft:wheat_seeds":6,"minecraft:cobbled_deepslate":7,"minecraft:raw_gold":3,"minecraft:spruce_planks":3,"minecraft:iron_ingot":12,"minecraft:beef":27,"minecraft:cooked_chicken":2,"minecraft:furnace":11,"minecraft:egg":3,"minecraft:raw_iron":98,"minecraft:dark_oak_slab":1,"minecraft:smooth_basalt":1,"minecraft:cooked_porkchop":3,"minecraft:porkchop":19,"minecraft:spruce_sapling":2,"minecraft:pointed_dripstone":3,"minecraft:diorite":11,"minecraft:white_bed":2,"minecraft:spruce_log":8,"minecraft:arrow":2,"minecraft:rotten_flesh":7,"minecraft:diamond":2,"minecraft:spruce_boat":1,"minecraft:granite":15,"minecraft:bone_meal":1,"minecraft:mutton":10,"minecraft:black_wool":1,"minecraft:cod":1,"minecraft:coal":75,"minecraft:white_wool":10,"minecraft:cobblestone":148},"minecraft:custom":{"minecraft:interact_with_furnace":80,"minecraft:mob_kills":58,"minecraft:interact_with_crafting_table":23,"minecraft:time_since_death":64688,"minecraft:sleep_in_bed":3,"minecraft:climb_one_cm":643,"minecraft:time_since_rest":13298,"minecraft:sprint_one_cm":207055,"minecraft:damage_taken":1097,"minecraft:walk_one_cm":97545,"minecraft:damage_blocked_by_shield":120,"minecraft:drop":30,"minecraft:damage_dealt":6723,"minecraft:swim_one_cm":24709,"minecraft:fly_one_cm":390282,"minecraft:open_chest":2,"minecraft:play_time":64688,"minecraft:crouch_one_cm":5796,"minecraft:sneak_time":2610,"minecraft:walk_under_water_one_cm":5136,"minecraft:boat_one_cm":72537,"minecraft:jump":2047,"minecraft:walk_on_water_one_cm":10739,"minecraft:total_world_time":64688,"minecraft:fall_one_cm":60797},"minecraft:killed":{"minecraft:pig":8,"minecraft:salmon":2,"minecraft:spider":1,"minecraft:polar_bear":1,"minecraft:sheep":7,"minecraft:skeleton":1,"minecraft:pillager":7,"minecraft:zombie":6,"minecraft:chicken":11,"minecraft:cow":13},"minecraft:used":{"minecraft:diorite":11,"minecraft:stone_pickaxe":141,"minecraft:oak_planks":45,"minecraft:shield":2,"minecraft:spruce_planks":12,"minecraft:wooden_pickaxe":18,"minecraft:cooked_salmon":2,"minecraft:rotten_flesh":7,"minecraft:dirt":17,"minecraft:crafting_table":7,"minecraft:white_bed":3,"minecraft:granite":15,"minecraft:spruce_boat":2,"minecraft:dark_oak_planks":12,"minecraft:black_wool":1,"minecraft:iron_axe":80,"minecraft:bread":1,"minecraft:dark_oak_slab":1,"minecraft:iron_pickaxe":147,"minecraft:spruce_sapling":2,"minecraft:smooth_basalt":1,"minecraft:stone_axe":49,"minecraft:cobblestone":103,"minecraft:goat_horn":1,"minecraft:cooked_cod":1,"minecraft:porkchop":6,"minecraft:furnace":11,"minecraft:cooked_porkchop":7,"minecraft:andesite":1,"minecraft:egg":3,"minecraft:cooked_beef":5,"minecraft:bone_meal":1,"minecraft:cobbled_deepslate":7,"minecraft:pointed_dripstone":1},"minecraft:broken":{"minecraft:stone_pickaxe":1},"minecraft:dropped":{"minecraft:iron_ingot":22,"minecraft:stone_axe":1,"minecraft:goat_horn":1,"minecraft:porkchop":4,"minecraft:wheat_seeds":6,"minecraft:cooked_chicken":6,"minecraft:diamond":2,"minecraft:cooked_porkchop":5,"minecraft:iron_helmet":1,"minecraft:cobblestone":4,"minecraft:cooked_mutton":5,"minecraft:white_bed":1,"minecraft:shield":2,"minecraft:iron_chestplate":1,"minecraft:andesite":1,"minecraft:iron_leggings":1,"minecraft:wooden_pickaxe":2,"minecraft:stone_pickaxe":1},"minecraft:crafted":{"minecraft:cooked_beef":9,"minecraft:cooked_cod":1,"minecraft:oak_planks":58,"minecraft:cooked_porkchop":9,"minecraft:crafting_table":1,"minecraft:spruce_planks":32,"minecraft:cooked_chicken":8,"minecraft:wooden_pickaxe":2,"minecraft:iron_helmet":2,"minecraft:furnace":4,"minecraft:cooked_salmon":2,"minecraft:stone_axe":1,"minecraft:bread":1,"minecraft:air":0,"minecraft:iron_boots":1,"minecraft:iron_chestplate":2,"minecraft:shield":2,"minecraft:iron_axe":1,"minecraft:stick":16,"minecraft:iron_ingot":48,"minecraft:iron_pickaxe":1,"minecraft:stone_pickaxe":2,"minecraft:iron_leggings":2,"minecraft:gold_ingot":1,"minecraft:white_bed":1,"minecraft:spruce_boat":1,"minecraft:dark_oak_planks":12}},"DataVersion":3953}